,RE,site,sequence,siteLen,seqLen
212,I-AchMI,TGGGGAGGTTTTTCAGTATC,LYNDEPHYCDIVLKILLNAGNSSEITYDLFLIIILITLLITYVKIVITWRKSAGVRSVSTLFASQRLHAGDLVYAYLVGLIEGDGYFTVTKNGLYVKYELGIEFSIRDVELIYKIKKLLGVGIVSFRTKKDGTKLVSLRVRNKDHLKKFIVPIFDKYPLFSNKQYDYLFFRSCLFSDIIYYKDLPLYRRELDPSLNTIDSILNKSYFEAWLVGFIEAEGCFSIYNTKKDTATYLAASFDISQKNGEILISAIRKHLSFTTKIIVDKTNCSRLKVSGIRSISNIIKFLHKAPVKLQGNKKLQYLLWVKQLRKINRYSDKINIPSNY,20,325
301,C.AhdI,ACTCATAGTCCGTGGACTTATCGA,MQSHHDHYADLVKFGQRLRELRTAKGLSQETLAFLSGLDRSYVGGVERGQRNVSLVNILKLATALDIEPRELFC,24,74
393,I-AniI,TTGAGGAGGTTTCTCTGTAAATAA,YTDEPQCGDVLLKILLNAGKSPILGFAYDLFFIIVLLIGVKIAMTRGKSAGVRSLHTSEASQRLHAGDLTYAYLVGLFEGDGYFSITKKGKYLTYELGIELSIKDVQLIYKIKKILGIGIVSFRKINEIEMVALRIRDKNHLKSFILPIFEKYPMFSNKQYDYLRFRNALLSGIISLEDLPDYTRSDEPLNSIESIINTSYFSAWLVGFIEAEGCFSVYKLNKDDDYLIASFDIAQRDGDILISAIRKYLSFTTKVYLDKTNCSKLKVTSVRSVENIIKFLQNAPVKLLGNKKLQYLLWLKQLRKISRYS,24,310
734,PI-AvaI,GTTGCAGGCAATATCCGGCGTAGTGCCGGAATGCGTCAG,CLPEDALVHTAKGLVPIRDVQVGDLVQTPLGFRRVVDKFDQGFQDVYEIETNATYPRATLNHRQAVLEDAKGGIVWKHIASLEAGDRLLHNKQVLPGTVTHLPADFTESRPSHSRTAKSFVVPELTAEVAWLIGFTHGDGYVALGRNKYDKPYGRVEWSMNSLDAEVTSRIQAKIDAALALFGLSAVHSITKGENTAKSICSSIRLAEYFHRHIKQPNIPLTVPSFILQGSVDIRAAYLAGLMDSDGAVNNRPPHLITSVYRSFIRQVSVVLSSLGIAGRLTTTYPQNSNWQVKYNLTIPALKERYNALISPHSAKGELRQGLKMYGFTVPGAVMRETYTYSEMREMGFQGSRTVDANYERYVAEADISLDIPVTVKGLGSYDHVQTYDIEVDEAHCFYCDGYLTHNSAGMRQFISDDQLGAAAKDNLWQQDENGRWRIDPERDSLRMANHTRVFHRKPTLEECVDAVRKQYYSGEGAIQWAGEAVARANIDLLPTQALKVEFLKAYEQGTAKDWLQKRHPHFDEKELKHRLARYALNPCGEIIGSNFHCNLSEIHLNQIDPFNYKEQEEAFTAGALSVATLLNHKFPEPRYQYSRELDPIVGVSFTGLFDFFVHAFGAEWLQWWEAGRPATPQGLAFKREEEKYLSSWREIVQRVVWDYCDRHNIKRPNRCTTVQPSGTKSLLTGASPGWHPPKAQRFIRRITFRKNDPVALACIDYGYNVIPSQSDKDEQGNLLNDPLDPRVSEWLVEIPVAVSWADIPGADTIDISKFNAIAQMDFYMQVQKFYVTHNTSATIEVREHEVETLGTQIWQAIQNDEGYISAALLARFDDHQTFPRLPFEPISKEQYEQMVKEVVQRRKTDDFYAVLSRYDFGDLMEVGPAGCDSDKCMMPEQSPN,39,897
817,C.BamHI,ACTTATAGTCTGTAGCCTATAGTC,MTNNIRLLFGQKVRQIRLSKSNMSQEKLAFECDLHRTYISDIERGTRNVSLDNIEKISKALGVQPKDLLDFTTIGNCEQKK,24,81
838,I-BasI,AACGCTCAGCAATTCCCACGT,MFQEEWKDVTGFEDYYEVSNKGRVASKRTGVIMAQYKINSGYLCIKFTVNKKRTSHLVHRLVAREFCEGYSPELDVNHKDTDRMNNNYDNLEWLTRADNLKDVRERGKLNTHTAREALAKVSKKAVDVYTKDGSEYIATYPSATEAAEALGVQGAKISTVCHGKRQHTGGYHFKFNSSVDPNRSVSKK,21,188
1006,PI-BciPI,TGGGAAAAAGCCAGTGGGTTCGAAGAGTCTATG,CLAWDTKLLRYDGTDVVVQDVKEGDLLLGPDGGPRRAFNIVSGKDRLYRIKVGSRKEDLVVTGNHILVLHREKGHGNVYDGPSVGGNRQRFVDQLGDLPVPSSNPADATRPNNLTKVRPDFLAALKSAIAWALNAERGKKGADTIRNTLNGTTGITSRQESYIVNIPVGKGTRAEYATFAWGNPDRTVKGHAKHPPEFFPTKEDAFSASVAKSRQIHDKGDVTLATLRRRFLDKSSDGKGGELRIDTGLPNMFLLWNANGANLKIRVYCSRNYTKYGRSYTFPSLPDINLSEAGSDDSDDNEETENEDDETEDEDDEREETLTLQNFQSTASRDVSSAERYDTVLMTATQFAALDENERSKYRLFRSPGFELPEQDVPVNPYFLGLWLGDGSRSSTTIFSNHEQEVREFLISHAAELDLHLVWHGNLSYATVGRTRIANRPLPKANIDVVDRPSRRFSRQTIKKQREAAELPSRPAPAVANLKHGLNSSVPNSPQRRLRQRIDDVDVQNLVDGMDNLTSSPIPSSPPVIPAESIPTEALPQLRSDRSIMDMAGPSVVPEEPVDVNNLPEDEEDEFDMDLIETMSDDEDDVTEYQVENDEGSNVGAGDSNLSDDSVSQRRIHRLQSGRRAYGDLQPEEQDQLLSQIIDTVDSPVGSSFDPSVSHNTGVNTLLRALQHLGVSSNTTGSETDKKHIPSIYMKNTREVRLAVLAGLIDSDGWYVYPENMLGFAQSEIWHKTLFWDVVALARSLGLSVWTTRRMMWVPSHSRKTPMLVAQMFGNVKEVPCLLLRKKGSERYIPQMHSFMIKDITLESEATNWAGFRVDKDQLYLRHDYLVLHNSGFEESVDLLLPPNTWQNWLIS,33,860
1008,C.BclI,ACTTAAAGTCTGTAGACTTATAGC,MINEIEIKRKFGRTLKKIRTQKGVSQEELADLAGLHRTYISEVERGDRNISLINIHKICAALDIPASTFFRKMEEEN,24,77
1124,C.BglII,ACTTATAGTCCGTGGACACATAGT,MDIRERFGKTVSSIRRKQNLSQEKLAEISKLDRTYIGGVERGERNLSLLNIERLSNALQMEISEVFRLMEGDTHNED,24,77
1232,I-BmoI,GAGTAAGAGCCCGTAGTAATGACATGGC,MKSGVYKITNKNTGKFYIGSSEDCESRLKVHFRNLKNNRHINRYLNNSFNKHGEQVFIGEVIHILPIEEAIAKEQWYIDNFYEEMYNISKSAYHGGDLTSYHPDKRNIILKRADSLKKVYLKMTSEEKAKRWQCVQGENNPMFGRKHTETTKLKISNHNKLYYSTHKNPFKGKKHSEESKTKLSEYASQRVGEKNPFYGKTHSDEFKTYMSKKFKGRKPKNSRPVIIDGTEYESATEASRQLNVVPATILHRIKSKNEKYSGYFYK,28,266
1506,I-BthII,ATTATCCGTGATGAGTCAATTCA,MYGIYYLKINGKYYIGKDVNVSNLKRIREHMWMLKSGTHYNRYLQAVYCKYESTLEYGILEEIECSLEELSEIEQQYIWLYDSYNNGYNLTLGGEGLGGIKFTEEQLEKKRQRVIGEKNPQSKITDAQFFEIVELLKCGKTNPEIADMYNLHPNYVSLIRHKKRYKYLWGKVQNYMPVKSEHQLKTRGRVTLEMFLDIVQMLQAGESNASIERKHGLSSGTGSRIRHRKLYKQWWVRYVDKGTFNDYPNGGEIPQEE,23,257
1522,I-Bth0305I,ATGTAAACTCACGCTTCGGTGATCCAAACGTGACAACTG,MSRAWSPSIEQKQIVIDGYASPDISIRELAKELGIGKDALMKYADEHDLTKVPKDRLNAEQRKAIKDWKGEISLNELANNIGISLAGVQKRMKKLGIDTKQYIEKNPHYRPGKTPRDEAFFKDIDNPKYSSIELAEKYGVSDVAIQRWRKKRHGKFKPQIDTSTHLTTPERRVKEILDELDIVYFTHHVVEGWNVDFYLGKKLAIEVNGVYWHSKQKNVNKDKRKLSELHSKGYRVLTIEDDELNDIDKVKQQIQKFWVTHISNGM,39,266
1908,I-CeuI,TAACTATAACGGTCCTAAGGTAGCGAA,MSNFILKPGEKLPQDKLEELKKINDAVKKTKNFSKYLIDLRKLFQIDEVQVTSESKLFLAGFLEGEASLNISTKKLATSKFGLVVDPEFNVTQHVNGVKVLYLALEVFKTGRIRHKSGSNATLVLTIDNRQSLEEKVIPFYEQYVVAFSSPEKVKRVANFKALLELFNNDAHQDLEQLVNKILPIWDQMRKQQGQSNEGFPNLEAAQDFARNYKKGIK,27,218
2061,I-ChuI,GAAGGTTTGGCACCTCGATGTCGGCTCATC,MSLTQQQKDLIFGSLLGDGNLQTGSVGRTWRYRALHKSEHQTYLFHKYEILKPLCGENTLPTESIVFDERTNKEVKRWFFNTLTNPSLKFFADMFYTYDQNTQKWVKDVPVKVQTFLTPQALAYFYIDDGALKWLNKSNAMQICTESFSQGGTIRIQKALKTLYNIDTTLTKKTLQDGRIGYRIAIPEASSGAFREVIKPFLVDCMRYKVSDGNKGHL,30,218
2327,I-CpaI,CGATCCTAAGGTAGCGAAATTCA,MDINPQWITGFVDGEGCFSVSILRNNSLRYGHQLQPEFVVTQHKLDANVLYALKDYFKVGSVVVNHGERLCYKVKNIDHFITVIIPFFEKHELKTKRRIEFLRFRKICLLLKAGRHLESQEGFEKVLDLAKKLRINEKNYQESIKRFEETGE,23,152
2328,I-CpaII,CCCGGCTAACTCTGTGCCAG,MTDSKSRNNNNFLSNNLLPLTDDEKALIAGTLLGDAHIQKRGDSYRLKIAHGLDHEELVVWKYNRLIRLCQTTQPPRVETYSTKLKSGVLPQGVVFYTSSGKYLKETYDLFYKQTADGRRVKTITQELIDSLPKHPLVLAAFFMDDGSVRSDCYSGKIATPGFAGKEESQLLCNYLHSWDVQANVVAHKKANNQYYIGLPAKTFGRFINIIEPYVREVPALCYKLNESRKPRND,20,234
2423,I-CreI,CTGGGTTCAAAACGTCGTGAGACAGTTTGG,MNTKYNKEFLLYLAGFVDGDGSIIAQIKPNQSYKFKHQLSLAFQVTQKTQRRWFLDKLVDEIGVGYVRDRGSVSDYILSEIKPLHNFLTQLQPFLKLKQKQANLVLKIIWRLPSAKESPDKFLEVCTWVDQIAALNDSKTRKTTSETVRAVLDSLSEKKKSSP,30,163
2464,I-CsmI,GTACTAGCATGGGGTCAAATGTCTTTCTGG,FHNAQNDAFICYAIVNVPHRAFFVPKVPALKRIGPHTAEFCDIAVGLLLSDAHAERHGKGVRLTFSQSTSHRPFFEHTAKALQRLGYVHEKTYTPLPTTDSNGKVCEYLRLHTFVFGSLSWLRDLFYVDNIKVVKPELEPFLTPRALAYWIAGDGCWDNAGLRLSTHNFKHDECVMLTHMLSRRFGLECTVQKQKNGETIYYRIYVVAKSMPRLRSLVSCYLDPSMHYKINNKRVIV,30,237
2480,C.Csp231I,ACACTAAGGAAAACTTAGTAA,MLIRRLKDARLRAGISQEKLGVLAGIDEASASARMNQYEKGKHAPDFEMANRLAKVLKIPVSYLYTPEDDLAQIILTWNELNEQERKRINFYIRKKAK,21,98
2704,I-CvuI,CTGGGTTCAAAACGTCGTGAGACAGTTTGG,MQPTNFHDQLKFAWLAGFVDADGCINAQIVSREDYLLKYQVRVSLTVFQSTTQHFILLDIQKILGCGTVRKRNDGMSEFCVVGGTSLQTTLEKLLPYLQLKRAQAKLVLQIIKKLPNTKDPSVLMEAALLADKVGLLTDGKKRTILAENVRECLKKLGHVV,30,161
2760,I-DdiI,TTTTTTGGTCATCCAGAAGTATAT,MKKEEKKENKKREQNQISSKKWNEWLAGLIDGAGKFTLSKSGYANLDILLELRDEKCHIELKQRFGGEIKRKETTLIRYRVHRLYGIRQLIACVNGHIRHPLRKIEFKEICMHYNVEYKEPETLTFANGWLSGYFDAVGLIEFSTEQDQLYLAFRHKKNTMLNELEIQKCLGVNLTCEQNGCSCESVTLYKINKKTVLSLYKYFKKYRLRSSIKTTQILLIPQFYEIQNETKEINDMQVKQKLWKQFFKKWYVDEMVKYESVKLANYYKSKTSPEKRVKKLIKLKFHRNERIRKRAERLELQKEKEKKA,24,309
2783,I-DmoI,ATGCCTTGCCGGGTAAGTTCCGGCGCGCAT,MHNNENVSGISAYLLGLIIGDGGLYKLKYKGNRSEYRVVITQKSENLIKQHIAPLMQFLIDELNVKSKIQIVKGDTRYELRVSSKKLYYYFANMLERIRLFNMREQIAFIKGLYVAEGDKTLKRLRIWNKNKALLEIVSRWLNNLGVRNTIHLDDHRHGVYVLNISLRDRIKFVHTILSSHLNPLPPE,30,188
3630,F-EcoT3I,GTACATGGCATGGGTACATGATGAAATCCAAGTAGGCTGC,MGGVATLRFHKMPTGCIVCVSHKRNQDGYFRYSIGSSRKGEKKHFMFHRWVWEQHKGPIPDGYEIDHICLNRGCCNVEHLQCIPKRDHIIKTNKERKLVKK,40,101
3631,F-EcoT5I,TGGCGACGAAAACCGCTTGGAAAGTGGCTG,MQFVPIKDAPGYLVNEAGDVFSTFTNKVLSRYIVDGYPAVKLQINGKQTSVLIHRIISHVFGDLYNLFDPELEVDHKDRDRLNLSKDNLQVLSKIEHQRKTNKDNGWSDSRVPCPLCGSLMLQRSVTCTNCKPKPTGRLIKPELSLDDITEKVLLMGWVKAAKELEVSESTLRRRYTKLTGLSPKVLTEQRKSK,30,194
3632,F-EcoT5II,ACCTACCATTAACGGAGTCAAAGGCCATTG,MKLENFKVIPEYPEYLISPYGEVYSTKSNKLLTHHLGSAGYPFVTFYEQGKNVSIVLHRLLARVFKDLPSLESELEVDHKDRNKLNFSLDNLVVMTKQDHRIKTTVERGHTIGGNKCPYCNKQINSSSKTCFDCKPKSSPDITAEQIEYWVINYSWVKASKELGLSDNGLRKRYKSLTGKDPKSIKKKVSQVG,30,193
3633,F-EcoT5IV,TAGGTACTGGACTTAAAATTCAGGTTTTGT,MRTDILDRKEEIAQWIAQGKSKAEIARMLSCSSNTLEAYLGKLGIVVIPTNRQYDNKYKSATEYLYNGSPISSYKLKNKILNEGLKPHKCESCGLESWLDKPIPLELEHKDGNHYNNEWDNLALLCPNCHALTPTHAGKNIGRYTERTVNTCAICHCEISSRATHCKSCTPKGITINPDITVEQIEYWVSKYSWIRASKELGLSDTGLRKRYKSLTGKDPKSIKKNR,30,227
3847,C.Esp1396I,ATGTGACTTATAGTCCGTGTGATTATAGTCAACAT,MESFLLSKVSFVIKKIRLEKGMTQEDLAYKSNLDRTYISGIERNSRNLTIKSLELIMKGLEVSDVVFFEMLIKEILKHD,35,79
4108,I-GpiI,TTTTCCTGTATATGACTTAAAT,MQKDTKFLNKSNIFIKNINNKYKLIPLNIKINFVGENKYFPSDFKEWTNNIYYFNSNYIKNFPVWWFGKSSFIWDKLSNSGNVLKSLVPSNTRKVICGWSNYSCMVISQWMNESEMDNRGSKSVLFNNLTVKEQRVKGSYCINGIQLRCTLVGFERNYQVKIPSNQIINKSIRYISNSATVTPLIDPWFITGFADAESSFVVSIKRNKKIKCGWNVVTRFQIALSQKDLALLERIKSYFKDAGNIYIKSDKVSVDWHVTSVKDLKIILDHFDKYPLKTEKLADYILFKEVFNIILTKQHLTVEGIQKIVAIRASINKGLYGELKAAFPNIIPVQRPKIDDRFIIDIQPWWVAGFTEGEGCFSVVVTNSPSTKSGFSASLIFQITQHSRDIVLMQNIIKFLGCGRIHKRSKEEAVDILVTKFSDLTEKVIPFFESIPLQGLKLKNFTDFSKAADIIKVKGHLTPKGLDKILQIKLGMNTRRI,22,481
4199,I-GzeI,GCCCCTCATAACCCGTATCAAG,KNCIGKSINWGKLPNSGEPLKLLVLSHIWKCMSGWINYSGIVTSQKMSENKMGDRGSKSVIHETKQSCIIVKEQRVDGSCNAGKSALLKCTLVDFKRSYQIKIPSNPIILTRNFSTLVGELASLEQSSLPPKLDPSYVTGFTDGEGSFILTIIKDNKYKLGWRVACRFVISLHKKDLVLLNSLKNFFNTGSVFLMGKGAAQYRVESLTGLSIIINHFDRYPLNTKKQADYMLFKLAYNLIINKSHLTEKGLSELVSLKAVMNNGLKDELKIAYPNITPVLRPEIPLSLNIDPLWLAGFTDAEGCFSVVVFKSKTSKIGEAVKLSFIITQSVRDEFLIKSLIEYLGCGYTSLDGRGAIDFKVSDFSSLKNIIIPFYDKYYIHGNKSLDFKDFSRVVTLMENKKHLTKQGLDEIKKIRNAMNTNR,22,423
4467,I-HmuI,AACGCTCAGCAATTCCCACGT,MEWKDIKGYEGHYQVSNTGEVYSIKSGKTLKHQIPKDGYHRIGLFKGGKGKTFQVHRLVAIHFCEGYEEGLVVDHKDGNKDNNLSTNLRWVTQKINVENQMSRGTLNVSKAQQIAKIKNQKPIIVISPDGIEKEYPSTKCACEELGLTRGKVTDVLKGHRIHHKGYTFRYKLNG,21,174
4468,I-HmuII,ATTATTCCAGTATAACTTTGAGATTAAG,MEWKDIKGYEGHYQISDNGDIFSLKSNRVLKTMKNKKNGYIYIHLTKDGKKKAFTIHRLVALHFCGGYEESLVVDHIDRNRHNNHFSNLRWVSRKENSSNISADTKKNIITAVRKNAKSQSQRSNRKIRPVISISPEGVIRHHRSITQASKETGVTNASISNNLNKGSRLMSGYRFLYKDRQLNG,28,185
5469,PI-HvoWI,GTGGCCTACGGCGACACCGACAGCGTCATG,SVTGDRPVVVRDPGGTVRILPIEDLFARGTTESEVLIAADGDVVASATPGKTRRALDGWDALSVNEDGEAEWQPIAQAIRHNTDKPVVNLQHKFGESTTTRDHSYVVPGEDGLTTVSPDDVAEPYRVSGVPDVEPVEQVDVYEVLRGYEREYEDGRSVGSDNSITKRKQIHADDEYVWFGHEHHRDVDSTVKVKRFVDIDSEDGAALIRLLGAYVPEGSASTGETATSKFGASLAESDREWLAQLQRDYSRLFENTTAGIITSDRRAERTVEYQTDTGGASVTYNDETLKLQMMNELAAVFFREFAGQTSRGKRIPSFVFHLPEEKQDLFLTLLVEGDGSREFPRYTEAYAQRNFDFETTSRELAAGLSMLLTQRGQKHSLKYRDSKDSYTIRTCSTYREGRDPVLTEADHDGYVYDLSVEENENFVDGVGGIVLHNTDSVMLELGPDVSKQEAIEQSFDIEEHINAAYDDFARDELGADEHRFQIEFEKLYRRFFQAGKKKRYAGHIVWKEGKDVDDIDITGFEYKRSDIAQITKEVQKNVIDMIVHGEETEVINDYLHDIITDFESGNLPLEQAGIPGGIGKRLSAYETPTAHVRGAQYANAFLGTNFGRGSKPKRVYLKKVHPSWFREMETGEFDPQVDDLYREFKRDPDVICFEYADQIPAAFEVDWDTMLTKTLEGPISRVIEALGMSWDEVKSGQEQTGLGSFM,30,710
5604,C.Kpn2I,TTTTGATACAAAATCATATTAAAAATATGACTCCT,MIQNHIKNMTPEICKASRALVNLTQKELALMAGIATPTIADFERGARKPHGNNLRSIIIAFENKGLDFVEEGGEIIGIFIRRKNVRAEESIDLSGH,35,96
6055,I-LlaI,CACATCCATAACCATATCATTTTT,MKPTMAILERISKNSQENIDEVFTRLYRYLLRPDIYYVAYQNLYSNKGASTKGILDDTADGFSEEKIKKIIQSLKDGTYYPQPVRRMYIAKKNSKKMRPLGIPTFTDKLIQEAVRIILESIYEPVFEDVSHGFRPQRSCHTALKTIKREFGGARWFVEGDIKGCFDNIDHVTLIGLINLKIKDMKMSQLIYKFLKAGYLENWQYHKTYSGTPQGGILSPLLANIYLHELDKFVLQLKMKFDRESPERITPEYRELHNEIKRISHRLKKLEGEEKAKVLLEYQEKRKRLPTLPCTSQTNKVLKYVRYADDFIISVKGSKEDCQWIKEQLKLFIHNKLKMELSEEKTLITHSSQPARFLGYDIRVRRSGTIKRSGKVKKRTLNGSVELLIPLQDKIRQFIFDKKIAIQKKDSSWFPVHRKYLIRSTDLEIITIYNSELRGICNYYGLASNFNQLNYFAYLMEYSCLKTIASKHKGTLSKTISMFKDGSGSWGIPYEIKQGKQRRYFANFSECKSPYQFTDEISQAPVLYGYARNTLENRLKAKCCELCGTSDENTSYEIHHVNKVKNLKGKEKWEMAMIAKQRKTLVVCFHCHRHVIHKHK,24,599
6366,I-LtrI,TATCTAAACGTCGTATAGGAGC,MQKDTKFLNKSNIFIKNINNKYKLIPFNIKINFVGENKNFPSDFKEWTNNIYYFNSNYIKNFPVYDLNLNKLLKGYFDLYFNRESIQSKFKFFRKRRLSLNKIFVSKPEIKHTSSKTTITVYVYNRERIVLLKKLIKLRKSLFKINNFFYKCKSISGDLYGKYFINVLYKELVYIRRCKLKLNLNELKFKDQFLHKLSLLISKLYNKKVEFNIINLKSIVYNSSIFTEIMGKKLRNKNTSLLKTMKFILSKGIILEENNKKERSRLIKSVNFSLLENKYKNLNINSFVKDIDLNETIKDLYNIESKDNKDIVFDSIKYKNIGGIRLEAKGRLTKRYRADRALFKVNWKGGLKNTDSSYKGLSSVNFRGNLKSNVEYSMGISKRRIGAFAVKGWISGKSYSTLANFPVQARNDNISPWTITGFADAESSFMLTVSKDSKRNTGWSVRPRFRIGLHNKDVTILKSIREYLGAGIITSDIDARIRFESLKELEVVINHFDKYPLITQKRADYLLFKKAFYLIKNKEHLTEEGLNQILTLKASLNLGLSEELKEAFPNTIPAERLLVTGQEIPDSNWVAGFTAGEGSFYIRIAKNSTLKTGYQVQSVFQITQDTRDIELMKNLISYLNCGNIRIRKYKGSEGIHDTCVDLVVTNLNDIKEKIIPFFNKNHIIGVKLQDYRDWCKVVTLIDNKEHLTSEGLEKIQKIKEGMNRGRSL,22,712
6367,I-LtrWI,AGTAGTGAAGTATGTTATTTAATTCG,MINLKNNIEYLNWYICGLVDAEGSFGVNVVKHATNKTGYAVLTYFELAMNSKDKQLLELIKKTFDLECNIYHNPSDDTLKFKVSNIEQIVNKIIPFFEKYTLFSQKRGDFILFCKVVELIKNKEHLTLNGLMKILSIKAAMNLGLSENLKKEFPGCLSVKRPEFGLSNLNKRWLAGFIEGEACFFVSIYNSPKSKLGKAVQLVFKITQHIRDKILIESIVELLNCGRVEVRKSNEACDFTVTSIKEIENYIIPFFNEYPLIGQKLKNYEDFKLIFDMMKTKDHLTEEGLSKIIEIKNKMNTNRI,26,304
6677,PI-MleSI,AGAAGATTGGGGTGATGATGTTCGGGTCTCCCGAAAC,CMNYSTRVTLADGSTEKIGKIVNNKMDVRVLSYDPVTDRIVPRKVVNWFNNGPAEQFLQFTVEKSGSNGKSQFAATPNHLIRTPGGWTEAGNLIAGDRVLAVEPHMLSDQQFQVVLGSLMGDGNLSPNLCDRNGVRFRLLGYGCKQVEYLQWKKALMGNIRHTVRENSMGASFIDFTPLPELVELQRAVYLGDGKKFLSEEYLKALTPLVLAIWYMDDGSFTVGSKRVQERTAGGSGRIEICVDAMTEGTRVRLRDYLCDTHGLDVRLREVGSAGKAVLVFSTAATAKFQSLIAPYVAPSMEYKLLPQFRGRGSVTPQFVEPTQQLVPARVLDVHVKLSTRSMNRFDIEVEGNHNYFVDGVMVHN,37,365
6793,I-MpeMI,TAGATAACCATAAGTGGCTAAT,MDCESNYQINVPSKQTLIFIRNFFINSPASINQFKNKLDPWWITGFTDAEGSFGLYIYKNSKFKTGWHAYLVFSISLHEKDRDILSQIQNFFGFGGIHSHGSNSLKYTVKSLNELQIIIDHFDKYLLITSKLNDYKLFKLAYNLFINKENLSIEGIEKLVAIKSSMNLGLKSQLKLAFPQISKHKDIYRDCFAYSNIKKIPDPYWVSGFTSGEGNFMIDIIKSKSSKLGITAGLRFTITQHFRDKQLMISLIDFFNCGHLNIRNNNCFNLTIRKFTDLDTKIIPFFSKYPIIGDKLLNFQNFIEASKLINNKDHLTIEGLKKINEIKNGMNTKRI,22,335
6835,I-MsoI,CTGGGTTCAAAACGTCGTGAGACAGTTTGG,MTTKNTLQPTEAAYIAGFLDGDGSIYAKLIPRPDYKDIKYQVSLAISFIQRKDKFPYLQDIYDQLGKRGNLRKDRGDGIADYTIIGSTHLSIILPDLVPYLRIKKKQANRILHIINLYPQAQKNPSKFLDLVKIVDDVQNLNKRADELKSTNYDRLLEEFLKAGKIESSP,30,170
6951,PI-MtuI,AACGCGGTCGGCAACCGCACCCGGGTCAC,CLAEGTRIFDPVTGTTHRIEDVVDGRKPIHVVAAAKDGTLHARPVVSWFDQGTRDVIGLRIAGGAIVWATPDHKVLTEYGWRAAGELRKGDRVAQPRRFDGFGDSAPIPADHARLLGYLIGDGRDGWVGGKTPINFINVQRALIDDVTRIAATLGCAAHPQGRISLAIAHRPGERNGVADLCQQAGIYGKLAWEKTIPNWFFEPDIAADIVGNLLFGLFESDGWVSREQTGALRVGYTTTSEQLAHQIHWLLLRFGVGSTVRDYDPTQKRPSIVNGRRIQSKRQVFEVRISGMDNVTAFAESVPMWGPRGAALIQAIPEATQGRRRGSQATYLAAEMTDAVLNYLDERGVTAQEAAAMIGVASGDPRGGMKQVLGASRLRRDRVQALADALDDKFLHDMLAEELRYSVIREVLPTRRARTFDLEVEELHTLVAEGVVVHN,29,440
6986,C.MunI,GCTTATAGTCCGTTGTTTTTAAAC,MNDIKIRFGNKLKKLRKEKTDLSQESFAAQIDLDRTYYSSIENGKRNVSLVNLEKISAGLGITLSELFSDIEKE,24,74
7022,I-NanI,AAGTCTGGTGCCAGCACCCGC,MVSIKQKVTRLRNKLRARSTLSGHKTITVKIDRKSFKNGYDPLVNTIDYGYSKMAKITVNKNDQLAKLKNCKKAVNIFNEWLSNRKGDKGRSGKQKPYCFDELKKLDVCKHEFGECLIGAANKTKSGFKVRFMNDKGSDSYVHHVSVFANSTCENCIHSRKMLETVSSSKKDPDARTISHLCGNGGCARPGHLRIEKKTVNDERTHCHFLLRRSQSLAQSEMIRLACPHTPRCFVNIYKINKPYY,21,245
7177,I-NitI,AAGTCTGGTGCCAGCACCCGC,MVTIRKMVRRLRKRLRIRSTTKRPKTITVKIDRESFKNGYDPLVKSIDYGYSKMAKITVAKCDRLSKLNNRKQAKNIFNEWLSNHKGDKGRSGKQKPYCFDELKKLDVCEHEFGECLIGAANKTKSGFKVRFLNNKGSDSYVHHVSAFANSTNENCIHSVEMLETVSSSKKDPEARTISHLCGNGGCARPGHLRIEKKSVNDERTHCLFLLRRSQSRNQSEMIRLACPHSPKCFVNMYKINTPYY,21,245
7178,I-NjaI,AAGTCTGGTGCCAGCACCCGC,MASIKQKVTRLRNKLRSRSSRNGPKTITVKIDRKSFKNGYDPLVDTIDYGYSKMAKITVNKNDQLAKLKNCKQAVNIFNEWLSNRKGDKGRSGKQKPYCFDELKKLDVCKHEFGECLIGAASKTKSGFKVRFMNNKGSDSYVHHVSVFANSTCENCIHSRKMLETVSSSKKDPDARTISHLCGNGGCARPGHLRIEKKSVNDERTHCHFLLRRSQSVAQSEMIRLACPHTPRCFVNLYKINKPYY,21,245
7548,I-PakI,CTGGGTTCAAAACGTCGTGAGACAGTTTGG,MSKLKKIIPEELSYLAGFLDGDGCINAQIVRRSDYKLKFQIRVSITFFQKTNRHWFLIWLDKKLDCGTLRKRPDGMSAYAITGIASVRNLLSILKPYLKLKKRQAILLLKIIEKMPHIQNDPQLFLKLCEQVDHFSEFNDSKKRKLTSQVVRSEIGETLNLFPVETET,30,168
7581,I-PanMI,GCTCCTCATAATCCTTATCAAG,MSSMTLFILFVSIIALLFLFINLIFAPHNPKNWTGKSINWVKLSNSGKTLKLLILSINRKVNCGWSNYSGIVISQKIYESIIGNRGSKSALLSVKEQRVYGSCTNNLVLRCTLVGLEISYQAKIPSNSINFKRNFSTLESKLNPSYISGFVDGEGSFMLTIIKDNKYKLGWRVVCRFVISLHKKDLSLLNKIKEFFDVGNVFLMTKDSAQYRVESLKGLDLIINHFDKYPLITKKQADYKLFKMAHNLIKNKSHLTKEGLLELVAIKAVINNGLNNDLSIAFPGINTILRPDTSLPQILNPFWLSGFVDAEGCFSVVVFKSKTSKLGEAVKLSFILTQSNRDEYLIKSLIEYLGCGNTSLDPRGTIDFKVTNFSSIKDIIVPFFIKYPLKGNKNLDFTDFCEVVRLMENKSHLTKEGLDQIKKIRNRMNTNRK,22,433
8238,I-PnoMI,TGAGGTGGTTTCTCTGTAAATTAA,MLKILLNAGKSPNLVFAYDLFLILTTIIYVKIALTWGQSAGVRSIHTSEASQRLHAEDLSYAYLVGLFEGDGFFTVTKKGKYLAYELGIELSIKDVQLIYKIKNLLAVGVVSFRTRNEIEMVSLRIRKKDHLKEFILPIFDKYPMFSNKQLDYLRFKDALLSGTIYPENLSEYIRDSKPINSIESITSASYFPAWLVGFIEAEGCFSIYKLHKEEDYLVASFDIAQRDGEVLISAIREYLSFTNAIYIDKTNCSRLKVTGVRSIENVINFLQKAPVKLLGNKKLQYLLWIKQLRTIPRYSEKIKIPSNY,24,309
8240,I-PogTE7I,CTTCAGTATGCCCCGAAAC,VKTWDYLCGLVAADGHIDENGYITISQKDKRFVEKIVELLKDAGVQIRSVFYDKEAGVWKIKVKDYPFYHYLVSNGVPPGRKAHRIKPPSSAVDPLWYIAGFIDGDGWVEQVVKKAKGRTYYYIRIGLKTKSRDLRDWVLQALAGLGIRAHKADKKDGYEVHIDSADAWRIIPLLQNPSHLEKARSARDDRL,19,192
8244,I-PorI,GCGAGCCCGTAAGGGTGTGTACGGG,VDIFQYVKALSAFDGYVDYRVGKNYEIVIADMSKEFLEEICNELRKYGVSCGVYACARDRAFRLRIYGKESVDRILNSSLAPEVLLAAAIDAAGNVKKYRNQPFRTRIVVKSDMARRIEDALTALSIRYVKITRKGGRYTEIVVSGKEENQKLYRVVKIRHPQKLQVVCHYLD,25,173
8269,I-PpoI,TAACTATGACTCTCTTAAGGTAGCCAAAT,MAKSNQARVNGGSNYDSLTPLNMALTNAQILAVIDSWEETVGQFPVITHHVPLGGGLQGTLHCYEIPLAAPYGVGFAKNGPTRWQYKRTINQVVHRWGSHTVPFLLEPDNINGKTCTASHLCHNTRCHNPLHLCWESLDDNKGRNWCPGPNGGCVHAVVCLRQGPLYGPGATVAGPQQRGSHFVV,29,185
8350,PI-PspI,TGGCAAACAGCTATTATGGGTATTATGGGT,SILPEEWVPLIKNGKVKIFRIGDFVDGLMKANQGKVKKTGDTEVLEVAGIHAFSFDRKSKKARVMAVKAVIRHRYSGNVYRIVLNSGRKITITEGHSLFVYRNGDLVEATGEDVKIGDLLAVPRSVNLPEKRERLNIVELLLNLSPEETEDIILTIPVKGRKNFFKGMLRTLRWIFGEEKRVRTASRYLRHLENLGYIRLRKIGYDIIDKEGLEKYRTLYEKLVDVVRYNGNKREYLVEFNAVRDVISLMPEEELKEWRIGTRNGFRMGTFVDIDEDFAKLLGYYVSEGSARKWKNQTGGWSYTVRLYNENDEVLDDMEHLAKKFFGKVKRGKNYVEIPKKMAYIIFESLCGTLAENKRVPEVIFTSSKGVRWAFLEGYFIGDGDVHPSKRVRLSTKSELLVNGLVLLLNSLGVSAIKLGYDSGVYRVYVNEELKFTEYRKKKNVYHSHIVPKDILKETFGKVFQKNISYKKFRELVENGKLDREKAKRIEWLLNGDIVLDRVVEIKREYYDGYVYDLSVDEDENFLAGFGFLYAHN,30,537
9238,I-ScaI,TGTCACATTGAGGTGCACTAGTTATTAC,NMNIASNMFNMMKTIYMMMLMLLIYIFYTIMMRQMMKTKEYTMLIKSMDYINKNKYMINLNMTNKKDMNNNIGPLNMDILSIIYGSMLGDGHAEKRKGGKGTRIVFQQEYCNINYLYYLHSLLANLGYCNTNLPLIKTRLGKKGKIRQYLKFNTWTYDSFNMIYSEWYIKNTSGKGNIKVIPKSLDNYLTPLALAIWIMDDGCKLGKGLKFATNCFSYKDVQYLTYLLHNKYNIKSTIHKGNKENTQFVIYVWKESMPILTKIVSPYIIPSMKYKLGNYL,28,280
9249,F-SceI,GATGCTGTAGGCATAGGCTTGGTT,MKKQNLNSILLMYINYIINYFNNIHKNQLKKDWIMEYEYMYKFLMNNMTCFIKWDNNKILLLLDMYYNVLYNYHKQRTPMSNKRLMNSKNIMDYKLLYTYFYILNKMKMEMDNYNNNNNNISLKYNELLKNIMNNLNYKTSNIETNLSNNFYLMDKYLINKYMKYLDMLNMIPNNYMFNNINYKGKLNIKTVLDLNNNEFYDYLSGLIEGDGYIGPGGITITNHANDVLNTIFINKRIKNSILVEKWMDTLKDNPYFVNAFSINIKTNLAKEKIFTNIYNKLYSDYKINQINNHIPYYNYLKINNKLPIKNIMDIKNNYWLAGFTAADGSFLSSMYNPKDTLLFKNMRPSYVISQVETRKELIYLIQESFDLSISNVKKVGNRKLKDFKLFTRTTDELMKFIYYFDKFLPLHDNKQFNYIKFRFNTFIKSYNWNNRVFGLVLSEYINNIKIDNYDYYYYNKYINMHNARKPKGYIK,24,476
9250,I-SceI,TAGGGATAACAGGGTAAT,MKNIKKNQVMNLGPNSKLLKEYKSQLIELNIEQFEAGIGLILGDAYIRSRDEGKTYCMQFEWKNKAYMDHVCLLYDQWVLSPPHKKERVNHLGNLVITWGAQTFKHQAFNKLANLFIVNNKKTIPNNLVENYLTPMSLAYWFMDDGGKWDYNKNSTNKSIVLNTQSFTFEEVEYLVKGLRNKFQLNCYVKINKNKPIIYIDSMSYLIFYNLIKPYLIPQMMYKLPNTISSETFLK,18,235
9251,PI-SceI,ATCTATGTCGGGTGCGGAGAAAGAGGTAATGAAATGG,CFAKGTNVLMADGSIECIENIEVGNKVMGKDGRPREVIKLPRGRETMYSVVQKSQHRAHKSDSSREVPELLKFTCNATHELVVRTPRSVRRLSRTIKGVEYFEVITFEMGQKKAPDGRIVELVKEVSKSYPISEGPERANELVESYRKASNKAYFEWTIEARDLSLLGSHVRKATYQTYAPILYENDHFFDYMQKSKFHLTIEGPKVLAYLLGLWIGDGLSDRATFSVDSRDTSLMERVTEYAEKLNLCAEYKDRKEPQVAKTVNLYSKVVRGNGIRNNLNTENPLWDAIVGLGFLKDGVKNIPSFLSTDNIGTRETFLAGLIDSDGYVTDEHGIKATIKTIHTSVRDGLVSLARSLGLVVSVNAEPAKVDMNGTKHKISYAIYMSGGDVLLNVLSKCAGSKKFRPAPAAAFARECRGFYFELQELKEDDYYGITLSDDSDHQFLLANQVVVHN,37,454
9252,I-SceII,TTTTGATTCTTTGGTCACCCTGAAGTATA,QTVATIIMLMMYNDMHFSKCWKLLKKWITNIMSTLFKALFVKMFMSYNNQQDKMMNNTMLKKDNIKRSSETTRKMLNNSMNKKFNQWLAGLIDGDGYFGIVSKKYVSLEITVALEDEMALKEIQNKFGGSIKLRSGVKAIRYRLTNKTGMIKLINAVNGNIRNTKRLVQFNKVCILLGIDFIYPIKLTKDNSWFVGFFDADGTINYSFKNNHPQLTKTVTNKYLQDVQEYKNILGGNIYFDKSQNGYYKWSIQSKDMVLNFINDYIKMNPSRTTKMNKLYLSKEFYNLKELKAYNKSSDSMQYKAWLNFENKWKNK,29,316
9253,I-SceIII,ATTGGAGGTTTTGGTAACTATTTATTACC,GAPTSAYISLMRTALVLWIINRYLKHMTNSVGANFTGTMACHKTPMISVGGVKCYMVRLTNNLQVFIRITISSYHLDMVKQVWLFYVEVIRLWFIVLDSTGSVKKMKDTNNTKGNTKSEGSTERGNSGVDRGMVVPNTQMKMRFLNQVRYYSVNNNLKMGKDTNIELSKDTSTSDLLEFEKLVMDNMNEENMNNNLLSIMKNVDMLMLAYNRIKSKPGNMTPGTTLETLDGMNMMYLNKLSNELGTGKFKFKPMRMVNIPKPKGGMRPLSVGNPRDKIVQEVMRMILDTIFDKKMSTHSHGFRKNMSCQTAIWEVRNMFGGSNWFIEVDLKKCFDTISHDLIIKELKRYISDKGFIDLVYKLLRAGYIDEKGTYHKPMLGLPQGSLISPILCNIVMTLVDNWLEDYINLYNKGKVKKQHPTYKKLSRMIAKAKMFSTRLKLHKERAKGPTFIYNDPNFKRMKYVRYADDILIGVLGSKNDCKMIKRDLNNFLNSLGLTMNEEKTLITCATETPARFLGYNISITPLKRMPTVTKTIRGKTIRSRNTTRPIINAPIRDIINKLATNGYCKHNKNGRMGVPTRVGRWTYEEPRTIINNYKALGRGILNYYKLATNYKRLRERIYYVLYYSCVLTLASKYRLKTMSKTIKKFGYNLNIIENDKLIANFPRNTFDNIKKIENHGMFMYMSEAKVTDPFEYIDSIKYMLPTAKANFNKPCSICNSTIDVEMHHVKQLHRGMLKATKDYITGRMITMNRKQIPLCKQCHIKTHKNKFKNMGPGM,29,778
9254,I-SceVI,GTTATTTAATGTTTTAGTAGTTGG,MVQRWLYSTNAKDIAVLYFMLAIFSGMAGTAMSLIIRLELAAPGSQYLHGNSQLFNGAPTSAYISLMRTALVLWIINRYLKHMTNSVGANFTGTMACHKTPMISVGGVKCYMVRLTNFLQVFIRITISSYHLDMVKQVWLFYVEVIRLWFIVLDSTGSVKKMKDTNNTKGNTKSEGSTERGNSGVDRGMVVPNTQMKMRFLNQVRYYSVNNNLKMGKDTNIELSKDTSTSDLLEFEKLVMDNMNEENMNNNLLSIMKNVDMLMLAYNRIKSKPGNMTPGTTLETLDGMNMMYLNKLSNELGTGKFKFKPMRMVNIPKPKGGMRPLSVGNPRDKIVQEVMRMILDTIFDKKMSTHSHGFRKNMSCQTAIWEVRNMFGGSNWFIEVDLKKCFDTISHDLIIKELKRYISDKGFIDLVYKLLRAGYIDEKGTYHKPMLGLPQGSLISPILCNIVMTLVDNWLEDYINLYNKGKVKKQHPTYKKLSRMIAKAKMFSTRLKLHKERAKGPTFIYNDPNFKRMKYVRYADDILIGVLGSKNDCKMIKRDLNNFLNSLGLTMNEEKTLITCATETPARFLGYNISITPLKRMPTVTKTIRGKTIRSRNTTRPIINAPIRDIINKLATNGYCKHNKNGRMGVPTRVGRWTYEEPRTIINNYKALGRGILNYYKLATNYKRLRERIYYVLYYSCVLTLASKYRLKTMSKTIKKFGYNLNIIENDKLIANFPRNTFDNIKKIENHGMFMYMSEAKVTDPFEYIDSIKYMLPTAKANFNKPCSICNSTIDVEMHHVKQLHRGMLKATKDYITGRMITMNRKQIPLCKQCHIKTHKNKFKNMGPGM,24,834
9993,C.SmaI,ACTCATCGTCTGTCGACTTATAGT,MPDADICFMDIKEILAENVRSYRNINNLSQEQLAEISGLHRTYIGSVERKERNVTLSTLIILAKALNTSVPKLLTRQGLKNEQG,24,84
10041,I-SmaMI,GGTATCCTCCATTATCAGGTGTACG,MWEKLPNSGEALKLLVPNLEWKFGGGKSNAFYMVTSQKMSENEMGYRGSKSIIFKSLIVKEQRVDGSYINSNFLASQPKTLIQNSMLRCTLTGFERSYQVKALSSITNKRFYSSKGENSKLNPWAVVGFIDAEGSFMVRVRKNSKYKTGWLVVAIFSVTVDKKDLFLLESLKTFFGGLGSIKKSGNSTFSYRIESSEQLTKIILPFFDKYSLITEKLGDYLLFKKVLELMGTKEHLTQRGLEKIVSLKASINKGLSEELQAAFPQCVPTPRPEINNKLIPDPFWLAGFVSGDGSFKSILKKSESIKVGFQSILVFQITQHARDVKLMESLISYLGCGFIEKDSRGPWLYYTVTNFSDIQGKIIPFFHQYKIIGSKYGDYMDWCKIALIMQNKNHLTPEGLNEIRALKGGMNKGRLPLPSSFDSLTFKKPEVV,25,432
10306,I-SpomI,GTGGTTGGACGGTATATCCACCACT,MLFFNSILNDAPSSWALYFQDGASPSYLGVTHLNDYLMFYLTFIFIGVIYAICKAVIEYNYNSHPIAAKYTTHGSIVEFIWTLIPALILILVALPSFKLLYLLDEVQKPSMTVKAIGRQWFWSALSSLVIALCVRNTILIASGCKRISLSDVERLGECSMLIKDCPFYVIIKYETIRLISLMVSLFRNYEVNTTLDITYYKHIYLIRIEEDQSSILAIIKHSLQHVGQFLLPKRESYAILRNSGFPKGSNSYLAPQGQESVQGGNGGSVVERISTTIVNSFKGIQSNHLSTSLSGKRYYSTKNVSDKSKSEIKQIYDISYKQLCNLDLIKEAYSILKSKPGNMTPGTDNETLDKISLKWAEKTIQELKDRSFQFKPSKRIYIPKKNGKLRPLGIPSPKDKVIQQAIKMILESKFEPMFLNTSHGFRPSRSPLSAIFEVRKWNGISWMIEGDIKGFFDNIDHHILANLLEKEVKDKNLIDLYWKLVRAGYVNNGVYQESNLGVPQGGILSPLLSNIYLHQFDLFMNDLIKKYSDDKPVSRDNKIHTRLLTKINGESKKKNPDTKLIRSMKIQLRSIPSIIRDENTGKRVYYNRFADDWVIGIIGSKALAEKIKAEVSEYLKNRLLISLSEEKTKITHLTSKKANYLGFQIFRRNRKYSESMLVLNKKSNTYKRGSNSRVMLFAPIDKLVDKLVEHKFAKRVLNNVKPVAITKWIYLEPYEIISRYNAILRGILNYYKPVDNRNQLSYIVWILRFSAAFTLARKWNISPAKVFTKLGKFLTIKITNEKGKESQVSFASPKTLARDRTFNLDNYLNFDPFRVKYYEVRSHHVWDEPCSICGSTDNVEMHHVKHVRKGKIVGFTALMSKLNRKQIPVCVNCHDKIHSGKYDGLSLKNIHLNTKKD,25,901
10513,I-SscMI,AGGTACCCTTTAAACCTATTAA,MCLKLPNSGDILKLLIPSFSRKAIRGWSNYSGFLLDCWLKNLIDKVTSQKMIEREMDYRGSKSVIPQNITVKEQRVDGSWCIKPVPKNKELMCLRCTLMGFERSYQIRILSKELHKKDRRFYSTSNIYVNKNINPWFLTGFIDGEGCFRISLTKVTRAIGWRVQLFFQINLHKKDIALLEDIRDYFGVGMIHKSGTNLVQYRIQTFDELSILINHLNDYPLVSQKKWDFELFKQAHELVKMNEHLNKEGILKIVSLKASLNLGLSEALKLAFPNVKNATKLTSSTVSIPDPHWFSGFTSAEGCFMVGIAKSKESTTGYQVYLSFIVTQHVRDELLLKCLIDYFSCGRLARKRDVYEYQVSKFSDVEKFIDFFDKYPILGEKSKDYLDFRTVSEIMRSKDHLTEVGVAKVRIIKQGMNRGR,22,420
10581,I-Ssp6803I,GTCGGGCTCATAACCCGAA,MSTKLKGDIAEQAAILRALKLGWGVLKPLGDRLSYDLVFDVEGILLKVQVKSSWFSEKTGNYVVDNRRTRTNRRNIVRSPYRGNDFDFAVAYVEELELFYVFPVDVFISYGSEIHLVETDKRQRKPRSFGYREAWHLILQKGAAQKETSA,19,150
10846,F-TevI,GAAACACAAGAAATGTTTAGTAAA,MKRHKEKKYNYTYVITNLVNNKIYYGTHSTDDLNDGYMGSGTLLAQAKKKYGKKNFNLSILGFYKDFKSARDAERELVTIDVVNDPMTYNLKIGGEGGRRIGYRVSSETKEKISKAQKGKPKHLGFSDVCRKAQLGKKQSEETKAKRKEALLNNPYGYNRNKPSHKRDPIMWDNIEKIKEIWENSGKSGAIKLKKLAIEAGFPNKSYARMLEVFRGTRTLL,24,221
10847,I-TevI,AGTGGTATCAACGCTCAGTAGATG,MKSGIYQIKNTLNNKVYVGSAKDFEKRWKRHFKDLEKGCHSSIKLQRSFNKHGNVFECSILEEIPYEKDLIIERENFWIKELNSKINGYNIADATFGDTCSTHPLKEEIIKKRSETVKAKMLKLGPDGRKALYSKPGSKNGRWNPETHKFCKCGVRIQTSAYTCSKCRNRSGENNSFFNHKHSDITKSKISEKMKGKKPSNIKKISCDGVIFDCAADAARHFKISSGLVTYRVKSDKWNWFYINA,24,245
10848,F-TevII,TTTAATCCTCGCTTCAGATATGGCAACTG,MYHFVYETTNLINGKKYIGKHSTDDLNDGYLGSGKAIQQAIKKYGENNFSRTILKEFKTSEEAYMYEEEIITPELIKSKNYYNMKPGGIGGIVMTTDVIAKMKESSAKRFENSPGTVLGKTCYTNGTKNIFIKPGELVPEGFVKGMVHPNRKSRKGCKVKPTTTGTFWVNNGAINKLIQPDGIIPDGFIKGRLMKRDSKGKFSKA,29,205
10849,I-TevII,GCTTATGAGTATGAAGTGAACACGTTATTC,MKWKLRKSLKIANSVAFTYMVRFPDKSFYIGFKKFKTIYGKDTNWKEYNSSSKLVKEKLKDYKAKWIILQVFDSYESALKDEEMLIRKYFNNEFILNKSIGGYKFNKYPDSEEHKQKLSNAHKGKILSLKHKDKIREKLIEHYKNNSRSEAHVKNNIGSRTAKKTVSIALKSGNKFRSFKSAAKFLKCSEEQVSNHPNVIDIKITIHPVPEYVKINDNIYKSFVDAAKDLKLHPSRIKDLCLDDNYPNYIVSYKRVEK,30,258
10850,I-TevIII,TATGTATCTTTTGCGTGTACCTTTAACTTC,MNYRKIWIDANGPIPKDSDGRTDEIHHKDGNRENNDLDNLMCLSIQEHYDIHLAQKDYQACHAIKLRMKYSPEEISELASKAAKSREIQIFNIPEVRAKNIASIKSKIENGTFHLLDGEIQRKSNLNRVALGIHNFQQAEHIAKVKERNIAAIKEGTHVFCGGKMQSETQSKRVNDGSHHFLSEDHKKRTSAKTLEMVKNGTHPAQKEITCDFCGHIGKGPGFYLKHNDRCKLNPNRIQLNCPYCDKKDLSPSTYKRWHGDNCKARFND,30,269
10855,PI-TfuI,TAGATTTTAGGTCGCTATATCCTTCC,CHPADTKVIVKGKGVVNISEVREGDYVLGIDGWQKVQRVWEYDYEGELVNINGLKCTPNHKLPVVRRTERQTAIRDSLAKSFLTKKVKGKLITTPLFEKIGKIEREDVPEEEILKGELAGIILAEGTLLRKDVEYFDSSRGKKRVSHQYRVEITVGAQEEDFQRRIVYIFERLFGVTPSVYRKKNTNAITFKVAKKEVYLRVREIMDGIENLHAPSVLRGFFEGDGSVNKVRKTVVVNQGTNNEWKIEVVSKLLNKLGIPHRRYTYDYTEREKTMTTHILEIAGRDGLILFQTIVGFISTEKNMALEEAIRNREVNRLENNAFYTLADFTAKTEYYKGKVYDLTLEGTPYYFANGILTHN,26,360
10856,PI-TfuII,TAXGCNGAXACNGACGGXTTXT,SVTGDTEVTIRRNGRIEFVPIEKLFERVDHRVGEKEYCVLGGVEALTLDNRGRLVWKKVPYVMRHKTDKRIYRVWFTNSWYLDVTEDHSLIGYLNTSKVKPGKPLKERLVEVKPEELGGKVKSLITPNRPIARTIKANPIAVKLWELIGLLVGDGNWGGQSNWAKYYVGLSCGLDKAEIERKVLNPLREASVISNYYDKSKKGDVSILSKWLAGFMVKYFKDENGNKAIPSFMFNLPREYIEAFLRGLFSADGTVSLRRGIPEIRLTSVNRELSDAVRKLLWLVGVSNSLFTETKPNRYLEKESGTHSIHVRIKNKHRFADRIGFLIDRKSTKLSENLGGHTNKKRAYKYDFDLVYPRKIEEITYDGYVYDIEVEGTHRFFANGILVHN,22,389
10870,PI-TliI,TAXGCNGAXACNGACGGXTTXT,SVSGESEIIIRQNGKIRFVKIKDLFSKVDYSIGEKEYCILEGVEALTLDDDGKLVWKPVPYVMRHRANKRMFRIWLTNSWYIDVTEDHSLIGYLNTSKTKTAKKIGERLKEVKPFELGKAVKSLICPNAPLKDENTKTSEIAVKFWELVGLIVGDGNWGGDSRWAEYYLGLSTGKDAEEIKQKLLEPLKTYGVISNYYPKNEKGDFNILAKSLVKFMKRHFKDEKGRRKIPEFMYELPVTYIEAFLRGLFSADGTVTIRKGVPEIRLTNIDADFLREVRKLLWIVGISNSIFAETTPNRYNGVSTGTYSKHLRIKNKWRFAERIGFLIERKQKRLLEHLKSARVKRNTIDFGFDLVHVKKVEEIPYEGYVYDIEVEETHRFFANNILVHN,22,390
10872,PI-TliII,AAATTGCTTGCAAACAGCTATTACGGCTAT,SILPNEWLPIIENGEIKFVKIGEFINSYMEKQKENVKTVENTEVLEVNNLFAFSFNKKIKESEVKKVKALIRHKYKGKAYEIQLSSGRKINITAGHSLFTVRNGEIKEVSGDGIKEGDLIVAPKKIKLNEKGVSINIPELISDLSEEETADIVMTISAKGRKNFFKGMLRTLRWMFGEENRRIRTFNRYLFHLEKLGLIKLLPRGYEVTDWERLKKYKQLYEKLAGSVKYNGNKREYLVMFNEIKDFISYFPQKELEEWKIGTLNGFRTNCILKVDEDFGKLLGYYVSEGYAGAQKNKTGGISYSVKLYNEDPNVLESMKNVAEKFFGKVRVDRNCVSISKKMAYLVMKCLCGALAENKRIPSVILTSPEPVRWSFLEAYFTGDGDIHPSKRFRLSTKSELLANQLVFLLNSLGISSVKIGFDSGVYRVYINEDLQFPQTSREKNTYYSNLIPKEILRDVFGKEFQKNMTFKKFKELVDSGKLNREKAKLLEFFINGDIVLDRVKSVKEKDYEGYVYDLSVEDNENFLVGFGLLYAHN,30,538
10875,PI-TmaI,GAACAGTTACTACGGCTAC,SLLPEEWIPVVENGKVKLVRIGEFVDGLMKDEKGRAKRDGNTEVLEVSGIRAVSFDRKTKKARLMPVKAVIRHRYSGDVYKITLSSGRKITVTKGHSLFAYRNGELVEVPGEEIKAGDLLAVPRRVHLPERYERLDLVELLLKLPEEETEDIILTIPAKGRKNFFKGMLRTLRWIFGEEKRPRTARRYLRHLEGLGYVKLRKIGYEIIDREGLKRYRKLYERLAEVVRYNGNKREYLIEFNAVRDVISLMPEEELNEWQVGTRNGFRIKPLIEVDEDFAKLLGYYVSEGYAGKQRNQKNGWSYTVKLYNEDERVLDDMENLAREFFGKARRGRNYVEIPRKMAYIIFESLCGTLAENKRVPEVIFTSPEDVRWAFLEGYFIGDGDVHPSKRVRLSTKSELLANGLVLLLNSLGVSAVKLGHDSGVYRVYVNEELPFTGYKKKKNAYYSHVIPKEVLEETFGKVFQRNMSYEKFQELVESEKLEGEKAKRIEWLISGDIILDKVVEVKKMNYEGYVYDLSVEEDENFLAGFGFLYAHN,19,537
10905,I-TslI,GTACATGGCGTGGGTGCATGATGAAATCCAAGTAGGTTGC,MRGKKLILEATETGCIIPTSHKLNADGYFRKKTNGVLEMYHRTVWKEHNGDIPDGFEIDHKCRNRACCNIEHLQMLEGTAHTVKTNRERYADRKETAREYWLETGCTGLALGEKFGVSFSSACKWIREWKA,40,131
10906,I-TslWI (I-TslWI.AY769990),GTACATGGCGTGGGTGCATGATGAGATTCAAGTAGGTTGC,MRGKKLILATTESGCIIPTSHKLNADGYFRKKTNGVLEMYHRTVWKEHYGDIPEGYEVDHKCRNRACCNVEHLQLLEGSEHTVKTNMERYADRKESAKEYWLETGCTGTHLGEKFGVTFSAACKWIREWKA,40,131
11096,I-Vdi141I,CCTGACTCTCTTAAGGTAGCCAAA,MIMSIVKWPESKDEFYDYLLSLIRFDGYVDSDKRVVIYDPEYSFLLTVGQLANKYFNTSFSVNPRHNYHVYILRIYSKDFAIKVKQHLSDFELLNINHIRGLFDAEGSIYYDEFGLRIEVKIKDKKYIEQLSKILRDLNINNHTDYDKKYFDPRRNKSYTYNRLRIRAIDDLIKFIHIVGVRQERKLRIINNYLNNDHLNLNLS,24,204
