RE,site,sequence
ApaI,GGGCCC,MARNVLVERAVDAAL
ApeKI,GCWGC,MNQQTCT
AquIV,GRGGAAG,MAVTRDSLQAFVDYCNAYIQGDEKSE
AscI,GGCGCGCC,MIEFP
AseI,ATTAAT,MLRGLTVE
AteTI,GGGRAG,MKLS
BamFI,GGATCC,MNQQTCT
BamHI,GGATCC,MAVTRDSLQAFVDYCNAYIQGDEKSE
BcgI,CGANNNNNNTGC,MIEFP
BclI,TGATCA,MLRGLTVELLELKNRITTSFSGTEDDLREVLDLI
BcnI,CCSGG,MKLS
BfaSII,GANGGAG,MA
BfiI,ACTGGG,MNQQTCT
BfuAI,ACCTGC,MAVTRDSLQAFVDYCNAYIQGDEKSE
BglI,GCCNNNNNGGC,MIEFP
XcmI,CCANNNNNNNNNTGG,MLRGLTVELLELKNRITTSFSGTEDDL
XcyI,CCCGGG,MKLS
XhoI,CTCGAG,MALDLAEYDRLARLGVAQFWD
XmnI,GAANNNNTTC,MD
