RE,site
M.AacDam,GATC
M.Aap10433I,CGANNNNNNNRTAG
S.Aap10433I,CGANNNNNNNRTAG
M.Aap5906I,CCANNNNNNRTAC
S.Aap5906I,CCANNNNNNRTAC
AatII,GACGTC
M.AatII,GACGTC
M.AauTCI,TTAA
M.Aav11297I,GCAANNNNNTTA
S.Aav11297I,GCAANNNNNTTA
M.Aba0088I,TCANNNNNNCTGG
S.Aba0088I,TCANNNNNNCTGG
M.Aba0101I,ACGNNNNNNCTG
S.Aba0101I,ACGNNNNNNCTG
M.Aba1056I,TAGNNNNNNRTGG
S.Aba1056I,TAGNNNNNNRTGG
M.Aba12156I,TAAYNNNNNNNTCTT
S.Aba12156I,TAAYNNNNNNNTCTT
M.Aba401I,GYAYNNNNGRTG
S.Aba401I,GYAYNNNNGRTG
M.Aba6200I,YACNNNNNGTAG
S.Aba6200I,YACNNNNNGTAG
M.Aba63I,ACGNNNNNNCTG
S.Aba63I,ACGNNNNNNCTG
M.Aba6411I,CCANNNNNNNNTGG
S.Aba6411I,CCANNNNNNNNTGG
M1.Aba7412I,CCCNNNNNNTTTG
M2.Aba7412I,CCCNNNNNNTTTG
S.Aba7412I,CCCNNNNNNTTTG
M.Aba78I,AAGNNNNNNNTGGC
S.Aba78I,AAGNNNNNNNTGGC
M.Aba7804I,GGANNNNNNNCTC
S.Aba7804I,GGANNNNNNNCTC
M.Aba858I,TAGNNNNNNRTGG
M.Aba858II,RAATTY
S.Aba858I,TAGNNNNNNRTGG
M.AbaB8300I,GAYNNNNNNNTCYC
S.AbaB8300I,GAYNNNNNNNTCYC
M.AbaB8342I,TTCANNNNNNTCC
M.AbaB8342II,RAATTY
S.AbaB8342I,TTCANNNNNNTCC
AbaDI,C
AbaHI,C
AbaSI,C
AbrI,CTCGAG
M.Abr4035I,GGYANNNNNNRTGCG
S.Abr4035I,GGYANNNNNNRTGCG
M.AbrSp7I,GANTC
M.Aca72I,TCCANNNNNNCTA
S.Aca72I,TCCANNNNNNCTA
AcaPI,C
AccI,GTMKAC
M.AccI,GTMKAC
M.AchA6I,TGAANNNNNTCG
M.AchA6II,TTAA
S.AchA6I,TGAANNNNNTCG
I-AchMI,TGGGGAGGTTTTTCAGTATC
AciI,CCGC
M.AciI,CCGC
M.AciII,CYAANNNNNNNNCTG
S.AciII,CYAANNNNNNNNCTG
AclI,AACGTT
Aco12261II,CCRGAG
M.Aco12261I,GCANNNNNNTGT
M.Aco12261III,TGGCCA
S.Aco12261I,GCANNNNNNTGT
M.AcoA42I,GCAGNNNNNNNGTRC
S.AcoA42I,GCAGNNNNNNNGTRC
M.Acr10283I,GTAYNNNNNTGG
S.Acr10283I,GTAYNNNNNTGG
M.Ade56712I,CTGCAG
M.Adh6U21IA,GAANCAG
M.Adh6U21IB,GAANCAG
M.Aen12917I,CAAGNNNNNNTCNNC
S.Aen12917I,CAAGNNNNNNTCNNC
M.Aeq8529I,GGANNNNNNTGG
S.Aeq8529I,GGANNNNNNTGG
Afa22MI,CGATCG
M.Afa22MI,CGATCG
AflII,CTTAAG
AflIII,ACRYGT
AgeI,ACCGGT
M.AgeI,ACCGGT
M.AgeIII,TCCANNNNNNGTC
S.AgeIII,TCCANNNNNNGTC
M.AgsIA,TTSAA
M.AgsIB,TTSAA
AhdI,GACNNNNNGTC
C.AhdI,ACTCATAGTCCGTGGACTTATCGA
M.AhdI,GACNNNNNGTC
S.AhdI,GACNNNNNGTC
M.Ahe12129I,TTGANNNNNNTCG
S.Ahe12129I,TTGANNNNNNTCG
M.Aho11636I,CAGNNNNNGTGG
S.Aho11636I,CAGNNNNNGTGG
M.Ahy1R2I,ACCNNNNNNGCTY
S.Ahy1R2I,ACCNNNNNNGCTY
M.AhySSUDam,GATC
M.Ain13520I,GNAANNNNNNNGTGG
S.Ain13520I,GNAANNNNNNNGTGG
M.Ais12972I,CGACNNNNATC
S.Ais12972I,CGACNNNNATC
M.Ala02I,CRACAG
M.Ali4189I,GAANNNNNNNRTGG
S.Ali4189I,GAANNNNNNNRTGG
M.Ali4191I,ACAYNNNNNNNTCC
S.Ali4191I,ACAYNNNNNNNTCC
AloI,GAACNNNNNNTCC
AluI,AGCT
M.AluI,AGCT
M.AluBI,AGCT
Alw26I,GTCTC
M.Alw26I,GTCTC
M.AmiI,CAGNNNNNNNTCGA
S.AmiI,CAGNNNNNNNTCGA
M.AmuI,AACNNNNNNTAC
S.AmuI,AACNNNNNNTAC
M.Aoc9810I,GAGNNNNNNTAG
S.Aoc9810I,GAGNNNNNNTAG
Aod1I,GATCNAC
M.Aol110486I,CCAGNNNNNNTGA
S.Aol110486I,CCAGNNNNNNTGA
M.AorT14I,CCANNNNNNRTTC
M.AorT14II,RGATCY
M.AorT14III,GTCGAC
S.AorT14I,CCANNNNNNRTTC
ApaI,GGGCCC
M.ApaI,GGGCCC
M.Apa101655I,TTAGNNNNNNTTC
M.Apa101655II,GANTC
S.Apa101655I,TTAGNNNNNNTTC
M1.Apa12260I,GCCNNNNNCTCC
M2.Apa12260I,GCCNNNNNCTCC
S.Apa12260I,GCCNNNNNCTCC
M.ApaHSI,AYCNNNNNCTTC
S.ApaHSI,AYCNNNNNCTTC
M.ApaLI,GTGCAC
ApeKI,GCWGC
M.ApeKI,GCWGC
AplI,CTGCAG
ApoI,RAATTY
M.ApoI,RAATTY
M.ApoII,CCAHNNNNNNCTT
S.ApoII,CCAHNNNNNNCTT
ApyPI,ATCGAC
AquI,CYCGRG
AquII,GCCGNAC
AquIII,GAGGAG
AquIV,GRGGAAG
M.AquDam,GATC
M.AquIA,CYCGRG
M.AquIB,CYCGRG
M.Asa22732I,GAGNNNNNNNTGTC
S.Asa22732I,GAGNNNNNNNTGTC
M.AsaJ409Dam,GATC
AscI,GGCGCGCC
AseI,ATTAAT
M.AseI,ATTAAT
M.Asp13519I,ACCACC
M.Asp19306I,GGANNNNNNNTTGY
S.Asp19306I,GGANNNNNNNTTGY
M.Asp2D2II,TCCAG
M.Asp31YI,TGANNNNNNGTCG
S.Asp31YI,TGANNNNNNGTCG
M.AspACNIH2I,GNAANNNNNNNCTGG
S.AspACNIH2I,GNAANNNNNNNCTGG
AspBHI,YSCNS
M.AspBS20I,GNNGANNNNNNNRTAG
S.AspBS20I,GNNGANNNNNNNRTAG
M.AspDUT2I,CRTANNNNNNNCTTG
M.AspDUT2III,RAATTY
S.AspDUT2I,CRTANNNNNNNCTTG
M.AspNIH2I,ACGNNNNNGTTY
S.AspNIH2I,ACGNNNNNGTTY
M.AspRAC01I,GTANNNNNNGTCG
S.AspRAC01I,GTANNNNNNGTCG
M.AspRAC06I,CACNNNNNNGTCY
M.AspRAC06II,GANTC
S.AspRAC06I,CACNNNNNNGTCY
M.AspU41I,TTAA
M.AspU41III,GGCANNNNNNTGA
S.AspU41III,GGCANNNNNNTGA
M.Ast42I,GATGNNNNNNTTAA
S.Ast42I,GATGNNNNNNTTAA
M.Asu130I,GCCANNNNNNRTTT
S.Asu130I,GCCANNNNNNRTTT
M.Asu14238I,CATG
M.Asu14238III,CCANNNNNNTTC
M1.Asu14238II,GCCNNNNNNTCC
M2.Asu14238II,GCCNNNNNNTCC
S.Asu14238II,GCCNNNNNNTCC
S.Asu14238III,CCANNNNNNTTC
AteTI,GGGRAG
M.Ath21654II,RGATCY
M.AtuCI,GANTC
M.Aur28094I,CCAYNNNNRTC
S.Aur28094I,CCAYNNNNRTC
AvaI,CYCGRG
AvaII,GGWCC
AvaIII,ATGCAT
M.AvaI,CYCGRG
M.AvaII,GGWCC
M.AvaIII,ATGCAT
M.AvaIX,RCCGGY
M.AvaV,GATC
M.AvaVI,GATC
M.AvaVII,GGCC
M.AvaVIII,CGATCG
M.AveCB51I,GTANNNNNNNRTAG
S.AveCB51I,GTANNNNNNNRTAG
M.Avi7695I,RAACNNNNNRTC
S.Avi7695I,RAACNNNNNRTC
M.AviJS278I,TTGANNNNNNTGC
M.AviJS278II,CTCGAG
S.AviJS278I,TTGANNNNNNTGC
M.Awo1030II,TAAGNNNNNTCC
M.Awo1030III,GATGNNNNNNTGC
S.Awo1030II,TAAGNNNNNTCC
S.Awo1030III,GATGNNNNNNTGC
M.Axy10807I,CAANNNNNNNTACG
S.Axy10807I,CAANNNNNNNTACG
M.Axy10808I,CAANNNNNNNTACG
S.Axy10808I,CAANNNNNNNTACG
M.Axy162I,AAGNNNNNNNTGGC
S.Axy162I,AAGNNNNNNNTGGC
M.BabI,GANTC
M.Bab10093I,ACCNNNNNGTCG
S.Bab10093I,ACCNNNNNGTCG
M.Bab1478I,ACCNNNNNGTCG
S.Bab1478I,ACCNNNNNGTCG
M.Bab3605I,ACCNNNNNGTCG
S.Bab3605I,ACCNNNNNGTCG
M.Bab624I,ACCNNNNNGTCG
S.Bab624I,ACCNNNNNGTCG
M.Bab7471I,ACCNNNNNGTCG
S.Bab7471I,ACCNNNNNGTCG
M.Bab8038I,ACCNNNNNGTCG
S.Bab8038I,ACCNNNNNGTCG
M.BadAI,GATC
M.BadAII,CCNGG
M.Bae232I,GAAYNNNNNNTNGC
S.Bae232I,GAAYNNNNNNTNGC
BalI,TGGCCA
M.BalI,TGGCCA
M.Bam69I,GCANNNNNNNCTC
S.Bam69I,GCANNNNNNNCTC
M.Bam79I,GAAYNNNNNNRTGT
S.Bam79I,GAAYNNNNNNRTGT
BamFI,GGATCC
BamHI,GGATCC
C.BamHI,ACTTATAGTCTGTAGCCTATAGTC
M.BamHI,GGATCC
M.BamHII,GGATCC
M.BamTA208I,GGATCC
M.BamTA208II,GCWGC
M.BanIII,ATCGAT
Ban4602I,GACGAG
BanLI,RTCAGG
M.BanLI,RTCAGG
M.BanLII,GGWCC
I-BasI,AACGCTCAGCAATTCCCACGT
M.Bas20089I,ATCNNNNNNCGT
S.Bas20089I,ATCNNNNNNCGT
M.Bau1420I,GATNNNNNNTGGG
S.Bau1420I,GATNNNNNNTGGG
M.Bau1421I,CAGNNNNNNNTCYC
S.Bau1421I,CAGNNNNNNNTCYC
M.Bav12033I,CGYANNNNNNTGG
S.Bav12033I,CGYANNNNNNTGG
M.Bba35685I,GANTC
Bbr215I,GGCGAG
M.Bbr26I,GGCGCC
M.Bbr26II,RTCGAY
M.Bbr50I,CCWGG
Bbr51I,GGCGAG
M.Bbr51II,CCWGG
Bbr7017II,CGGGAG
BbrUII,GTCGAC
BbrUIII,CTGCAG
M.BbrUI,GGCGCC
M.BbrUII,GTCGAC
M.BbrUIII,CTGCAG
R1.BbrUI,GGCGCC
BbvI,GCAGC
BbvCIA,CCTCAGC
BbvCIB,CCTCAGC
M1.BbvCI,CCTCAGC
M2.BbvCI,CCTCAGC
M.Bca420I,ACCNNNNNGTCG
M.Bca420II,GANTC
S.Bca420I,ACCNNNNNGTCG
Bce1273I,GCNGC
M.Bce14579I,GCSGC
M.Bce22E1I,CACAG
M.Bce22E1II,GTWWAC
M.Bce2599I,AGGNNNNNNTCAA
S.Bce2599I,AGGNNNNNNTCAA
Bce3081I,TAGGAG
M.Bce3aI,ATTCNNNNCTG
S.Bce3aI,ATTCNNNNCTG
M.Bce7H2I,CACAG
M.Bce842I,CACAG
M.Bce895II,GTWWAC
Bce95I,GCNGC
M.BceENTI,GCAYNNNNNNCTC
S.BceENTI,GCAYNNNNNNCTC
M.BceH111I,CAGNNNNNNTTYG
S.BceH111I,CAGNNNNNNTTYG
BceJI,CACAG
M.BceJI,CACAG
M.BceJII,GGCC
M.BceJIII,SAY
M.BceJIV,GTWWAC
M.BceK56I,CACAG
M1.BceNI,CCCNNNNNCTC
M2.BceNI,CCCNNNNNCTC
S.BceNI,CCCNNNNNCTC
BceSI,CGAAG
BceSII,GGWCC
BceSIII,ACGGC
BceSIV,GCAGC
M.BceSI,CGAAG
M.BceSII,GGWCC
M.BceSIV,GCAGC
M.BceSVI,CCANNNNNNNCTTA
M.BceSVII,AB
M1.BceSIII,ACGGC
M2.BceSIII,ACGGC
S.BceSVI,CCANNNNNNNCTTA
M.BceS28I,ATTCNNNNCTG
S.BceS28I,ATTCNNNNCTG
M.BceSW2I,GAGNNNNNNNTGAY
S.BceSW2I,GAGNNNNNNNTGAY
BceYI,GCNGC
BcgI,CGANNNNNNTGC
S.BcgI,CGANNNNNNTGC
M.Bci2610I,RGAYNNNNNRTTC
S.Bci2610I,RGAYNNNNNRTTC
BclI,TGATCA
C.BclI,ACTTAAAGTCTGTAGACTTATAGC
M.BclI,TGATCA
BcnI,CCSGG
M1.BcnI,CCSGG
M2.BcnI,CCSGG
M.Bco11035I,GAYNNNNNNNTGCG
S.Bco11035I,GAYNNNNNNNTGCG
M.BcoSlacI,TAAATC
M.BcoSlacII,CTCGAG
M.Bde10295I,GAGNNNNNNGTTY
S.Bde10295I,GAGNNNNNNGTTY
M.Bdi7I,GGANNNNNNNRTGGC
S.Bdi7I,GGANNNNNNNRTGGC
M.BepI,CGCG
BfaIA,CTAG
BfaIB,CTAG
BfaSII,GANGGAG
M.BfaSI,GACNNNNNNTCC
M.BfaSIII,ATGCAT
S.BfaSID,GACNNNNNCTG
S1.BfaSI,GACNNNNNNTCC
BfiI,ACTGGG
M1.BfiI,ACTGGG
M2.BfiI,ACTGGG
M.BfrC42I,CAGNNNNNGAT
S.BfrC42I,CAGNNNNNGAT
BfuAI,ACCTGC
M1.BfuAI,ACCTGC
M2.BfuAI,ACCTGC
BglI,GCCNNNNNGGC
BglII,AGATCT
C.BglII,ACTTATAGTCCGTGGACACATAGT
M.BglI,GCCNNNNNGGC
M.BglII,AGATCT
M.Bgl188I,CACNNNNNNTAYG
S.Bgl188I,CACNNNNNNTAYG
BhaI,GCATC
BhaII,GGCC
Nt.BhaIII,GAGTC
M.BhaF413I,GAAGNNNNNTGG
M.Bhi13199I,GCGANNNNNCTC
S.Bhi13199I,GCGANNNNNCTC
M.Bhi13200I,GAANNNNNNGTTG
S.Bhi13200I,GAANNNNNNGTTG
M.Bhy27164I,CTAYNNNNRTC
S.Bhy27164I,CTAYNNNNRTC
BisI,GCNGC
M.BisII,CNCANNNNNNNRTGT
M.BisIII,CCWGG
S.BisII,CNCANNNNNNNRTGT
M.Bli231I,GAYNNNNNRTC
S.Bli231I,GAYNNNNNRTC
M.Bli37I,GAYNNNNNRTC
S.Bli37I,GAYNNNNNRTC
M.Bli8721I,CAAYNNNNNNNNTGC
S.Bli8721I,CAAYNNNNNNNNTGC
BloAII,GAGGAC
M.BloAI,GGCGCC
M.Blu1784I,AAGNNNNNTGC
S.Blu1784I,AAGNNNNNTGC
M.BmaBMKI,CACAG
M.BmaBMKII,GTWWAC
M.Bme10508I,ACCNNNNNGTCG
S.Bme10508I,ACCNNNNNGTCG
M.Bme10509I,ACCNNNNNGTCG
S.Bme10509I,ACCNNNNNGTCG
M.Bme11I,CCANNNNNNRTTNC
S.Bme11I,CCANNNNNNRTTNC
M.Bme8223I,ACCNNNNNGTCG
S.Bme8223I,ACCNNNNNGTCG
M.Bme8334I,ACCNNNNNGTCG
S.Bme8334I,ACCNNNNNGTCG
BmeDI,C
M.BmeD34I,CCANNNNNNNCTC
S.BmeD34I,CCANNNNNNNCTC
I-BmoI,GAGTAAGAGCCCGTAGTAATGACATGGC
BmrI,ACTGGG
M1.BmrI,ACTGGG
M2.BmrI,ACTGGG
BmtI,GCTAGC
M.BmtI,GCTAGC
M.Bmu246I,CACAG
M.Bmu246II,GTWWAC
M.Bmu246III,CCANNNNNNGTTC
S.Bmu246III,CCANNNNNNGTTC
M.Bne10070I,ACCNNNNNGTCG
S.Bne10070I,ACCNNNNNGTCG
M.Bne10071I,ACCNNNNNGTCG
S.Bne10071I,ACCNNNNNGTCG
M.Bne10084I,ACCNNNNNGTCG
S.Bne10084I,ACCNNNNNGTCG
M.BokCI,CCACNNNNWTCA
S.BokCI,CCACNNNNWTCA
M.Bov10512I,ACCNNNNNGTCG
S.Bov10512I,ACCNNNNNGTCG
M.Bpa9945I,CCWGG
M.BpaFA6I,GCANNNNNNNNRTRTC
S.BpaFA6I,GCANNNNNNNNRTRTC
M.Bpe1920I,AGCCGCC
M.Bpe1920II,AAGCTT
M.Bpe564I,AGCCGCC
M.Bpi12874IV,GRNTANNNNNNNNNTGG
S.Bpi12874IV,GRNTANNNNNNNNNTGG
BpmI,CTGGAG
M.BpmI,CTGGAG
M.Bps1651I,CACAG
M.Bps1651II,GTWWAC
M.Bps491II,ATCNNNNNNCTGG
S.Bps491II,ATCNNNNNNCTGG
M.Bps7894III,CCANNNNNNNNRTGCC
S.Bps7894III,CCANNNNNNNNRTGCC
M.Bps840II,CGGANNNNNNNTGG
S.Bps840II,CGGANNNNNNNTGG
M.Bps982I,CACAG
M.Bps982II,GTCANNNNNNTGG
M.Bps982III,GTWWAC
S.Bps982II,GTCANNNNNNTGG
M1.BpsBEMII,CCCNNNNNCTTC
M2.BpsBEMII,CCCNNNNNCTTC
S.BpsBEMII,CCCNNNNNCTTC
Bpu10IA,CCTNAGC
Bpu10IB,CCTNAGC
M1.Bpu10I,CCTNAGC
M2.Bpu10I,CCTNAGC
M.Bpu6033I,GACNNNNNNRTCNC
S.Bpu6033I,GACNNNNNNRTCNC
BpuJI,CCCGT
BsaI,GGTCTC
M1.BsaI,GGTCTC
M2.BsaI,GGTCTC
M.Bsa18170I,ATCNNNNNNRTCNNC
S.Bsa18170I,ATCNNNNNNRTCNNC
BsaAI,YACGTR
BsaHI,GRCGYC
M.BsaHI,GRCGYC
BsaJI,CCNNGG
BsaWI,WCCGGW
M.BsaWI,CCGG
Bse634I,RCCGGY
M.Bse634I,RCCGGY
M.BseCI,ATCGAT
BseMII,CTCAG
M.BseMII,CTSAG
BseYIA,CCCAGC
BseYIB,CCCAGC
BsgI,GTGCAG
M.BsiB28I,AAAYNNNNNNCTTA
S.BsiB28I,AAAYNNNNNNCTTA
BslIA,CCNNNNNNNGG
BslIB,CCNNNNNNNGG
M.BslI,CCNNNNNNNGG
BsmI,GAATGC
M1.BsmI,GAATGC
M2.BsmI,GAATGC
BsmAI,GTCTC
BsmBI,CGTCTC
M.BsmBI,CGTCTC
BsmFI,GGGAC
M.BsoBI,CYCGRG
M.Bsp14I,GCANNNNNNNNNTGC
S.Bsp14I,GCANNNNNNNNNTGC
M.Bsp21507I,CGANNNNNNNRTTT
S.Bsp21507I,CGANNNNNNNRTTT
M.Bsp3003III,YTCANNNNNNNTCNNC
S.Bsp3003III,YTCANNNNNNNTCNNC
M.Bsp3004III,ATTYNNNNNNCTC
S.Bsp3004III,ATTYNNNNNNCTC
Bsp460III,CGCGCAG
M.Bsp460I,GANTC
M.Bsp460II,AATT
Bsp6I,GCNGC
Bsp98I,GGATCC
M.Bsp98I,GGATCC
M1.BspACI,CCGC
BspCNI,CTCAG
M.BspD4I,AYCNNNNNCTTC
S.BspD4I,AYCNNNNNCTTC
BspD6IA,GAGTC
BspD6IB,GAGTC
M.BspD6I,GASTC
Nt.BspD6I,GAGTC
BspEI,TCCGGA
M.BspEI,TCCGGA
BspHI,TCATGA
M.BspHI,TCATGA
M.BspHII,GTAGAT
M.BspLA1I,GAANNNNNNCTCC
M.BspLA1II,GANTC
S.BspLA1I,GAANNNNNNCTCC
BspLU11III,GGGAC
M1.BspLU11III,GGGAC
M2.BspLU11III,GGGAC
M.BspN11I,CAGNNNNNNRTGG
S.BspN11I,CAGNNNNNNRTGG
BspRI,GGCC
M.BspRI,GGCC
M.BspRB39I,GTWWAC
M.BspRB39II,CACAG
BsrI,ACTGG
BsrDIA,GCAATG
BsrDIB,GCAATG
M1.BsrDI,GCAATG
M2.BsrDI,GCAATG
Nb.BsrDI,GCAATG
BsrFI,RCCGGY
M.BsrFI,RCCGGY
M.BsrFII,TTCANNNNNNNCTC
S.BsrFII,TTCANNNNNNNCTC
M.Bst12778I,TACNNNNNNRTCNNC
S.Bst12778I,TACNNNNNNRTCNNC
M1.Bst19I,GCATC
M2.Bst19I,GCATC
M.Bst67III,CCANNNNNNNGATC
S.Bst67III,CCANNNNNNNGATC
M1.BstF5I,GGATG
M2.BstF5I,GGATG
M4.BstF5I,GGATG
M.BstLVI,ATCGAT
M.BstNBI,GASTC
Nt.BstNBI,GAGTC
M2.BstSEI,GAGTC
Nt.BstSEI,GAGTC
M.BstUII,GATNNNNNNTCG
S.BstUII,GATNNNNNNTCG
BstVI,CTCGAG
M.BstVI,CTCGAG
BstXI,CCANNNNNNTGG
M.BstXI,CCANNNNNNTGG
M2.BstXII,GATC
M3.BstXII,GATC
S.BstXI,CCANNNNNNTGG
BstYI,RGATCY
BstZ1II,AAGCTT
M.BstZ1II,AAGCTT
M.Bsu10097I,ACCNNNNNGTCG
S.Bsu10097I,ACCNNNNNGTCG
M.Bsu10316I,ACCNNNNNGTCG
S.Bsu10316I,ACCNNNNNGTCG
M.Bsu10400I,CNCANNNNNNNRTGT
S.Bsu10400I,CNCANNNNNNNRTGT
M.Bsu21228I,ACANNNNNNNRTCG
S.Bsu21228I,ACANNNNNNNRTCG
M.Bsu2KL1I,ACANNNNNNNRTCG
S.Bsu2KL1I,ACANNNNNNNRTCG
Bsu3610I,GACGAG
M.Bsu5061I,ACCNNNNNGTCG
S.Bsu5061I,ACCNNNNNGTCG
Bsu7003I,GACGAG
BsuBI,CTGCAG
M.BsuBI,CTGCAG
M.BsuFI,CCGG
M.BsuGFR12I,ACANNNNNNNRTCG
S.BsuGFR12I,ACANNNNNNNRTCG
M.BsuJ5I,GAGNNNNNNCTG
S.BsuJ5I,GAGNNNNNNCTG
M.BsuMH1KI,GACNNNNNNNTTGG
S.BsuMH1KI,GACNNNNNNNTTGG
M.BsuNI,CNCANNNNNNNRTGT
S.BsuNI,CNCANNNNNNNRTGT
M.BsuN11I,ACANNNNNNNRTCG
S.BsuN11I,ACANNNNNNNRTCG
M.BsuN22I,ACANNNNNNNRTCG
S.BsuN22I,ACANNNNNNNRTCG
M.BsuN31I,ACANNNNNNNRTCG
S.BsuN31I,ACANNNNNNNRTCG
M.BsuN42I,ACANNNNNNNRTCG
S.BsuN42I,ACANNNNNNNRTCG
M.BsuNN1I,AAGNNNNNNCRTC
S.BsuNN1I,AAGNNNNNNCRTC
BsuPY79I,GACGAG
BsuRI,GGCC
M.BsuRI,GGCC
M.BsuRL23I,ACANNNNNNNRTCG
S.BsuRL23I,ACANNNNNNNRTCG
M.BsuW23I,CNCANNNNNNNRTGT
S.BsuW23I,CNCANNNNNNNRTGT
I-BthII,ATTATCCGTGATGAGTCAATTCA
I-Bth0305I,ATGTAAACTCACGCTTCGGTGATCCAAACGTGACAACTG
M.Bth1643III,GAGNNNNCTC
S.Bth1643III,GAGNNNNCTC
Bth171I,GCNGC
M.Bth18247I,GNAAYNNNNNNNTAYG
S.Bth18247I,GNAAYNNNNNNNTAYG
M.Bth238I,CACAG
M.Bth238II,GTWWAC
M.Bth238IV,GYAGNNNNNNNTGCC
M1.Bth238III,CCCNNNNNCTGG
M2.Bth238III,CCCNNNNNCTGG
S.Bth238III,CCCNNNNNCTGG
S.Bth238IV,GYAGNNNNNNNTGCC
M1.Bth426III,GCCNNNNNGTCC
M2.Bth426III,GCCNNNNNGTCC
S.Bth426III,GCCNNNNNGTCC
M.Btr188II,ACGNNNNNNCGT
M.Btr188III,TAAANNNNNNTGT
S.Btr188II,ACGNNNNNNCGT
S.Btr188III,TAAANNNNNNTGT
M.Btr190I,GACNNNNNNCTC
M.Btr190II,RGTAAT
S.Btr190I,GACNNNNNNCTC
Btr192II,ACATC
M.Btr192I,GATC
M.Btr192II,ACATC
BtsIA,GCAGTG
BtsIB,GCAGTG
M1.BtsI,GCAGTG
M2.BtsI,GCAGTG
BtsCI,GGATG
M.BtsCI,GGATG
M.Bve157I,GCANNNNNNNCTC
S.Bve157I,GCANNNNNNNCTC
Bve1B23I,GACNNNNNTGG
M.Bve316I,CYYANNNNNNNRTNGC
S.Bve316I,CYYANNNNNNNRTNGC
M.Bve574I,GCANNNNNNNCTC
S.Bve574I,GCANNNNNNNCTC
M.BveGYL4I,CCANNNNNNRTTNC
S.BveGYL4I,CCANNNNNNRTTNC
M.BveKMU01I,GAGNNNNNRTTNC
S.BveKMU01I,GAGNNNNNRTTNC
M.BveMV2I,GACNNNNNNNTTGG
S.BveMV2I,GACNNNNNNNTTGG
M.BveNKG1I,CGANNNNNNNCTTG
S.BveNKG1I,CGANNNNNNNCTTG
M.BxiVV3I,CTTAAG
Cac824I,GCNGC
M.Cac824I,GCNGC
M.CakI,GATNNNNNNNNTCGT
S.CakI,GATNNNNNNNNTCGT
Cal14237I,GGTTAG
M.CalB3I,AGCNNNNNNRTTG
S.CalB3I,AGCNNNNNNRTTG
M.Cam165I,TTCANNNNNNTTC
S.Cam165I,TTCANNNNNNTTC
M.Cau700975I,CGANNNNNNGTCY
M.Cau700975II,GATC
S.Cau700975I,CGANNNNNNGTCY
M.Cba13I,GAGNNNNNRTGT
S.Cba13I,GAGNNNNNRTGT
M.Cba4G11II,GTWWAC
CbeI,GGCC
M.CbeI,GGCC
M.Cbo1051II,ACANNNNNNGTAG
S.Cbo1051II,ACANNNNNNGTAG
M.Cbo1169I,GHTANNNNNNNTADC
S.Cbo1169I,GHTANNNNNNNTADC
M.Cbo13319III,CTANNNNNNRTGAA
S.Cbo13319III,CTANNNNNNRTGAA
M.Cbo29I,CTANNNNNNRTGAA
S.Cbo29I,CTANNNNNNRTGAA
M.Cbo64329II,CTANNNNNNRTGAA
S.Cbo64329II,CTANNNNNNRTGAA
M.CboA634II,CTANNNNNNNTAG
S.CboA634II,CTANNNNNNNTAG
M.CboB305I,CTANNNNNNRTGAA
S.CboB305I,CTANNNNNNRTGAA
M.CboB515I,CTANNNNNNRTGAA
S.CboB515I,CTANNNNNNRTGAA
M.CboB609I,CTANNNNNNRTGAA
S.CboB609I,CTANNNNNNRTGAA
M.Cbr290I,CCANNNNNNGTTC
S.Cbr290I,CCANNNNNNGTTC
CcaP7IV,GATAAT
CcaP7V,CRAAAAR
M.CcaP7I,CAYNNNNNCTGC
M.CcaP7II,CCANNNNNNNNTCG
M.CcaP7III,GCANNNNNNNTNNCG
M.CcaP7VII,GAAAT
CceI,CCGG
Cce743I,GACGC
Cce743II,CCWGG
M.Cce743I,GACGC
M.Cce743II,CCWGG
CchI,CTAG
CchII,GGARGA
CchIII,CCCAAG
M.Cco1330I,GYAYNNNNNNNCTGC
S.Cco1330I,GYAYNNNNNNNCTGC
M.Cco14983II,RAATTY
M.Cco9557II,CRAANNNNNNNRTTG
S.Cco9557II,CRAANNNNNNNRTTG
CcoMI,CAGCAG
M.CcrMI,GANTC
CcrNAIII,CGACCAG
M.CcrNAI,GANTC
M.CcrNAII,CGACNNNNNNNTRGG
M.CcrNAIV,GGCGCC
M.CcrNAV,YGCCGGCR
S.CcrNAII,CGACNNNNNNNTRGG
M.CcuG1I,GGANNNNNNNNTCG
S.CcuG1I,GGANNNNNNNNTCG
M.Cdi197I,GCGANNNNNNTGG
S.Cdi197I,GCGANNNNNNTGG
M.Cdi21062I,CAAAAA
M.Cdi267I,CANNNNNNNTAAAG
S.Cdi267I,CANNNNNNNTAAAG
M.Cdi630I,TGGCCA
M.Cdi630III,CCSSGG
M.Cdi630IV,GCNGC
M.Cdi630V,CAAAAA
M.Cdi81II,CANNNNNNNTAAAG
S.Cdi81II,CANNNNNNNTAAAG
M.CdiG46I,CANNNNNNNTAAAG
S.CdiG46I,CANNNNNNNTAAAG
CdpI,GCGGAG
Cdu23823II,GTGAAG
I-CeuI,TAACTATAACGGTCCTAAGGTAGCGAA
Cfr10I,RCCGGY
M.Cfr10I,RCCGGY
M.Cfr101I,CAACNNNNNCTT
S.Cfr101I,CAACNNNNNCTT
M.Cfr116I,GATGNNNNNGTT
S.Cfr116I,GATGNNNNNGTT
Cfr42I,CCGCGG
M.Cfr42I,CCGCGG
Cfr9I,CCCGGG
M.CfrAI,GCANNNNNNNNGTGG
S.CfrAI,GCANNNNNNNNGTGG
CfrBI,CCWWGG
M.CfrBI,CCWWGG
CfrCI,C
M.CfrHM38I,GAAYNNNNNNNGTTG
S.CfrHM38I,GAAYNNNNNNNGTTG
M.CfrMH17I,RAACNNNNNNNCTGG
S.CfrMH17I,RAACNNNNNNNCTGG
M.Cfupf3I,CACNNNNNNTGAR
S.Cfupf3I,CACNNNNNNTGAR
CglI,GCSGC
M.CglI,GCSGC
Cgl13032II,ACGABGG
M.Cgl56828I,CTGANNNNNCTG
S.Cgl56828I,CTGANNNNNCTG
I-ChuI,GAAGGTTTGGCACCTCGATGTCGGCTCATC
M.Chy108I,GGCC
M.CinAA5I,GTANNNNNNGRTC
S.CinAA5I,GTANNNNNNGRTC
M.Cis15098I,GCANNNNNNCCT
S.Cis15098I,GCANNNNNNCCT
CjeI,CCANNNNNNGT
M.Cje13492I,GACNNNNNNCTTA
S.Cje13492I,GACNNNNNNCTTA
M.Cje14980I,RAATTY
M.Cje263V,GCANNNNNRTTA
S.Cje263V,GCANNNNNRTTA
M.Cje32488I,RAATTY
M.Cje32488III,TAAYNNNNNNCTG
S.Cje32488III,TAAYNNNNNNCTG
M.Cje328I,AGGNNNNNGTT
S.Cje328I,AGGNNNNNGTT
M.Cje54107I,CTANNNNNNNNTAYC
S.Cje54107I,CTANNNNNNNNTAYC
CjeFIII,GCAAGG
CjeFIV,GCANNNNNRTTA
CjeFV,GGRCA
M.CjeFI,RAATTY
M.CjeFII,AGTNNNNNNRTTG
M.CjeFIV,GCANNNNNRTTA
S.CjeFII,AGTNNNNNNRTTG
S.CjeFIV,GCANNNNNRTTA
M.CjeF38011II,CTANNNNNNNNTAYC
S.CjeF38011II,CTANNNNNNNNTAYC
M.CjeIAII,GCANNNNNRTTA
S.CjeIAII,GCANNNNNRTTA
CjeNII,GAGNNNNNGT
CjeNIII,GKAAYG
CjeNIV,GCANNNNNRTTA
M.CjeNI,RAATTY
M.CjeNIV,GCANNNNNRTTA
S.CjeNIV,GCANNNNNRTTA
M.CjeYH002V,GCANNNNNRTTA
S.CjeYH002V,GCANNNNNRTTA
M1.Cko25III,CCCNNNNNRTCG
M2.Cko25III,CCCNNNNNRTCG
S.Cko25III,CCCNNNNNRTCG
ClaI,ATCGAT
Cla11845III,GCGAA
M.CljII,CAGNNNNNGAT
S.CljII,CAGNNNNNGAT
Cly7489II,AAAAGRG
M.Cly7489I,CYYANNNNNNNNTCNG
S.Cly7489I,CYYANNNNNNNNTCNG
M.CmaLM2III,GGANNNNNVTAC
S.CmaLM2III,GGANNNNNVTAC
M.CmuRB25I,GCAGNNNNNTCC
S.CmuRB25I,GCAGNNNNNTCC
M.CneDam,GATC
M.Cne392I,GYAGNNNNNGGT
S.Cne392I,GYAGNNNNNGGT
M.CneH16I,GAYNNNNNCTTGY
S.CneH16I,GAYNNNNNCTTGY
M.CocI,GTYRAC
M.CocII,GCNGC
M.CocIII,GGNCC
I-CpaI,CGATCCTAAGGTAGCGAAATTCA
I-CpaII,CCCGGCTAACTCTGTGCCAG
M.Cpa18696II,RAAANNNNNNNNTCGC
S.Cpa18696II,RAAANNNNNNNNTCGC
M.CpaYL7I,CTANNNNNNTAG
M.CpaYL7II,CAAAAA
S.CpaYL7I,CTANNNNNNTAG
M.Cpe23910I,RAATTY
M.Cpe23910II,TAAYNNNNNNRTTG
S.Cpe23910II,TAAYNNNNNNRTTG
M.CpeAI,CACNNNNNRTAAA
M.CpeAII,GGWCC
M.CpeAIII,GATC
M.CpeAIV,CCGG
S.CpeAI,CACNNNNNRTAAA
M.Cph17I,CTYCAG
M.Cph41I,CTYCAG
CphBI,CCCGGG
M.CphBI,CCCGGG
M.Cpi1782I,RTCANNNNNNGCT
S.Cpi1782I,RTCANNNNNNGCT
I-CreI,CTGGGTTCAAAACGTCGTGAGACAGTTTGG
M.CsaI,GAGNNNNNNGTGG
M.CsaII,RGATCY
M.CsaIII,"AB,"
S.CsaI,GAGNNNNNNGTGG
M.Csa8155I,GAANNNNNNNTAAA
S.Csa8155I,GAANNNNNNNTAAA
M.CsiFSMIII,GGANNNNNNNNTCC
S.CsiFSMIII,GGANNNNNNNNTCC
M.CsiPES1I,GGANNNNNNNNTCC
S.CsiPES1I,GGANNNNNNNNTCC
M.Csp156I,CCAYNNNNNTGT
S.Csp156I,CCAYNNNNNTGT
M.Csp16704I,ACANNNNNNNNTCG
M.Csp16704II,RAATTY
M.Csp16704III,GANTC
S.Csp16704I,ACANNNNNNNNTCG
M.Csp205I,TTCANNNNNNNNCTC
S.Csp205I,TTCANNNNNNNNCTC
Csp231I,AAGCTT
M.Csp231I,AAGCTT
M.Csp323III,AACNNNNNNCTT
S.Csp323III,AACNNNNNNCTT
Csp68KI,GGWCC
Csp68KII,TTCGAA
Csp68KIII,ATGCAT
Csp68KVI,CGCG
M.Csp68KI,GGWCC
M.Csp68KII,TTCGAA
M.Csp68KIII,ATGCAT
M.Csp68KIV,CCGG
M.Csp68KV,GGCC
M.CspCP1I,CAAYNNNNNCTAY
S.CspCP1I,CAAYNNNNNCTAY
M.CspF0512II,ATGNNNNCCT
S.CspF0512II,ATGNNNNCCT
M.CspM006I,CTGAAG
M.CspMFER1I,TTTAAA
M.CspNS6I,GANTC
M.CspWCF2I,ACTNNNNNNGGT
S.CspWCF2I,ACTNNNNNNGGT
CstMI,AAGGAG
M.CthIII,GTCAT
M.CthIV,CNCANNNNNNTTC
M.CthV,GCWGC
M.CthVI,GGCC
S.CthIV,CNCANNNNNNTTC
M.Cun9529Dam,GATC
M.Cvi9370I,GAGNNNNNNNNTGAC
S.Cvi9370I,GAGNNNNNNNNTGAC
CviAI,GATC
CviAII,CATG
M.CviAI,GATC
M.CviAII,CATG
M.CviBI,GANTC
M.CviBIII,TCGA
CviJI,RGCY
M.CviJI,RGCB
M.CviPI,GC
Nt.CviPII,CCD
CviQI,GTAC
M.CviQI,GTAC
M.CviQII,RAG
M.CviQIII,TCGA
M.CviQVI,GANTC
M.CviQVII,CATG
Nt.CviQII,RAG
Nt.CviQXI,RAG
M.CviRI,TGCA
M.CviSI,TGCA
M.CviSII,CATG
M.CviSIII,TCGA
I-CvuI,CTGGGTTCAAAACGTCGTGAGACAGTTTGG
M.Dac11109I,GACGA
M.Dac11109II,GTAC
M.Dac11109III,CTAG
M1.Dac11109IV,CCCNNNNNRTTC
M2.Dac11109IV,CCCNNNNNRTTC
M.Dae16536I,GACNNNNNNNCTGG
S.Dae16536I,GACNNNNNNNCTGG
M.Dal1302I,GCANNNNNNNGTG
S.Dal1302I,GCANNNNNNNGTG
M1.DbaKI,GCCNNNNNCTTC
M2.DbaKI,GCCNNNNNCTTC
S.DbaKI,GCCNNNNNCTTC
DdeI,CTNAG
M.DdeI,CTNAG
Dde51507I,CCWGG
M.DdeVCDI,GCCNNNNNGGC
I-DdiI,TTTTTTGGTCATCCAGAAGTATAT
DdsI,GGATCC
M.DfeI,CTNNAG
M.DfeII,GAGAAG
I-DmoI,ATGCCTTGCCGGGTAAGTTCCGGCGCGCAT
M.DniM25I,CACNNNNNNCTCC
S.DniM25I,CACNNNNNNCTCC
M.Dor12838II,GACNNNNNNRTAC
S.Dor12838II,GACNNNNNNRTAC
M.Dpi3051I,GTCAT
M.Dpi3052I,GTCAT
M.Dpi3246I,CRTANNNNNNNTCNNC
S.Dpi3246I,CRTANNNNNNNTCNNC
Dpi3250I,TACGA
M.Dpi3264I,CTANNNNNNNTGC
S.Dpi3264I,CTANNNNNNNTGC
M.Dpi3274I,CAACA
DpnI,GATC
DpnII,GATC
M1.DpnII,GATC
M2.DpnII,GATC
DraI,TTTAAA
DraRI,CAAGNAC
DrdI,GACNNNNNNGTC
DrdIV,TACGAC
M.DsaV,CCNGG
M.Dsh12I,GANTC
Dsp20I,GCWGC
M.DthLI,GATC
M.DthLII,GGCC
M.DthLIII,CACC
DvuI,TGACNNNNNNTTC
M.DvuI,TGACNNNNNNTTC
M.DvuII,CTCGAG
S.DvuI,TGACNNNNNNTTC
EacI,GGATC
M.EacI,GGATC
M.Ead53II,GGCANNNNNNNTTTC
S.Ead53II,GGCANNNNNNNTTTC
M.EaeIB,YGGCCR
EagI,CGGCCG
M.EagI,CGGCCG
M.Ean132I,GGYANNNNNNTCG
S.Ean132I,GGYANNNNNNTCG
M.Ean134I,GGYANNNNNNTCG
S.Ean134I,GGYANNNNNNTCG
M.EasL1Dam,GATC
M.EasL1I,GCCANNNNNNNTGAY
S.EasL1I,GCCANNNNNNNTGAY
M.Eau6208I,CRTANNNNNNGTT
S.Eau6208I,CRTANNNNNNGTT
M.Eba57Dcm,CCWGG
M.Eba57I,GAGAG
M.EbaNIH1I,AGCNNNNNNNTCAC
S.EbaNIH1I,AGCNNNNNNNTCAC
M.EbaNIH2I,GNTAYNNNNNCTC
S.EbaNIH2I,GNTAYNNNNNCTC
M.EcaI,GGTNACC
Ecl18kI,CCNGG
M.Ecl18kI,CCNGG
M1.Ecl34977I,GCCNNNNNGTTG
M2.Ecl34977I,GCCNNNNNGTTG
S.Ecl34977I,GCCNNNNNGTTG
M.Ecl50I,TTCANNNNNNTCG
S.Ecl50I,TTCANNNNNNTCG
M.Ecl884AI,RTCANNNNNNNNNTRGG
S.Ecl884AI,RTCANNNNNNNNNTRGG
M.Ecl91I,GATANNNNNNNTGC
S.Ecl91I,GATANNNNNNNTGC
M.Ecl93I,GTAYNNNNNCTA
S.Ecl93I,GTAYNNNNNCTA
M.EclNH77I,GGANNNNNNNAATC
S.EclNH77I,GGANNNNNNNAATC
M.EclNIH3I,GATANNNNNNNTGC
S.EclNIH3I,GATANNNNNNNTGC
M.EclNIH4Dam,GATC
M.EclNIH4I,CATCNNNNNNTCC
S.EclNIH4I,CATCNNNNNNTCC
M.EclNIH5I,GATANNNNNNNTGC
S.EclNIH5I,GATANNNNNNNTGC
EcoVIII,AAGCTT
M.EcoVIII,AAGCTT
M.Eco0398I,CACNNNNNNNCTGG
S.Eco0398I,CACNNNNNNNCTGG
M.Eco051I,AACNNNNNNGTGC
S.Eco051I,AACNNNNNNGTGC
M.Eco053I,AACNNNNNNGTGC
S.Eco053I,AACNNNNNNGTGC
M.Eco06I,TTCANNNNNNNNCTGG
S.Eco06I,TTCANNNNNNNNCTGG
M.Eco067I,CCANNNNNNNCTTC
M.Eco067II,CAAYNNNNNNCTGG
S.Eco067I,CCANNNNNNNCTTC
S.Eco067II,CAAYNNNNNNCTGG
M.Eco10386I,TACNNNNNNNRTRTC
S.Eco10386I,TACNNNNNNNRTRTC
M.Eco1109I,AAGANNNNNCTC
S.Eco1109I,AAGANNNNNCTC
M.Eco1130I,CACNNNNNNNCTGG
S.Eco1130I,CACNNNNNNNCTGG
M.Eco119I,CCANNNNNNNNNTTGG
S.Eco119I,CCANNNNNNNNNTTGG
M.Eco12581Dcm,CCWGG
M.Eco12581I,CTGCAG
Eco128I,CCWGG
M.Eco13432I,ACAGNNNNNNTGC
S.Eco13432I,ACAGNNNNNNTGC
M.Eco13441IV,CANCATC
M.Eco137I,ACGNNNNNGTTG
M.Eco137II,GAANNNNNNTAYG
S.Eco137I,ACGNNNNNGTTG
S.Eco137II,GAANNNNNNTAYG
M.Eco14721I,GATGNNNNNNTTG
S.Eco14721I,GATGNNNNNNTTG
M.Eco1655I,AACNNNNNNGTGC
S.Eco1655I,AACNNNNNNGTGC
M.Eco2149I,CACNNNNNNNCTGG
S.Eco2149I,CACNNNNNNNCTGG
M.Eco2159I,CACNNNNNNNCTGG
S.Eco2159I,CACNNNNNNNCTGG
M.Eco2747I,CACNNNNNNNGTTG
M.Eco2747II,GAANNNNNNNTAAA
S.Eco2747I,CACNNNNNNNGTTG
S.Eco2747II,GAANNNNNNNTAAA
M.Eco293I,CACNNNNNNNCTGG
S.Eco293I,CACNNNNNNNCTGG
M.Eco29787Dcm,CCWGG
M.Eco299I,CGAYNNNNNNNRTDCC
S.Eco299I,CGAYNNNNNNNRTDCC
Eco29kI,CCGCGG
M.Eco29kI,CCGCGG
M.Eco3024Dcm,CCWGG
M.Eco3026I,AACNNNNNNGTGC
S.Eco3026I,AACNNNNNNGTGC
Eco31I,GGTCTC
M1.Eco31I,GGTCTC
M2.Eco31I,GGTCTC
M.Eco3165I,CACNNNNNNGTTG
S.Eco3165I,CACNNNNNNGTTG
M.Eco3317Dcm,CCWGG
M.Eco3325Dcm,CCWGG
M.Eco3325I,RTCANNNNNNCTC
S.Eco3325I,RTCANNNNNNCTC
M.Eco3384I,CACNNNNNNNCTGG
S.Eco3384I,CACNNNNNNNCTGG
M.Eco348I,RTCANNNNNNNNGTGG
S.Eco348I,RTCANNNNNNNNGTGG
M.Eco349I,RTCANNNNNNNNGTGG
S.Eco349I,RTCANNNNNNNNGTGG
M.Eco3722I,AACNNNNNNGTGC
S.Eco3722I,AACNNNNNNGTGC
M.Eco3740I,RTCANNNNNNCTC
S.Eco3740I,RTCANNNNNNCTC
M.Eco3858I,GTCTC
M.Eco3936Dam,GATC
M.Eco401I,RTCANNNNNNNNGTGG
S.Eco401I,RTCANNNNNNNNGTGG
M.Eco403I,RTCANNNNNNNNGTGG
S.Eco403I,RTCANNNNNNNNGTGG
M.Eco4276I,CACNNNNNNNCTGG
S.Eco4276I,CACNNNNNNNCTGG
M.Eco433I,ACAYNNNNCTG
S.Eco433I,ACAYNNNNCTG
M.Eco4356I,CGANNNNNNNNTCGC
S.Eco4356I,CGANNNNNNNNTCGC
M.Eco43886I,ACAGNNNNNNTGC
S.Eco43886I,ACAGNNNNNNTGC
M.Eco4431I,GCAGNNNNNTGT
S.Eco4431I,GCAGNNNNNTGT
M.Eco4465I,CACNNNNNNNCTGG
S.Eco4465I,CACNNNNNNNCTGG
Eco47II,GGNCC
M.Eco47II,GGNCC
M.Eco51542I,TAACNNNNNTGA
S.Eco51542I,TAACNNNNNTGA
M.Eco540I,GAANNNNNNRTCG
S.Eco540I,GAANNNNNNRTCG
M1.Eco544I,CCCNNNNNGTG
S.Eco544I,CCCNNNNNGTG
Eco57I,CTGAAG
M.Eco57I,CTGAAG
M.Eco61770I,AACNNNNNNGTGC
S.Eco61770I,AACNNNNNNGTGC
M.Eco6409I,CCANNNNNNNNTGAA
S.Eco6409I,CCANNNNNNNNTGAA
M1.Eco77I,CCCNNNNNCTC
M2.Eco77I,CCCNNNNNCTC
S.Eco77I,CCCNNNNNCTC
M.Eco8368I,CACNNNNNNNCTGG
S.Eco8368I,CACNNNNNNNCTGG
M.Eco8385I,TACNNNNNNNRTRTC
S.Eco8385I,TACNNNNNNNRTRTC
M.Eco8426I,TACNNNNNNNRTRTC
S.Eco8426I,TACNNNNNNNRTRTC
M.Eco86Dam,GATC
M.Eco86I,GGTACC
M.Eco9001Dcm,CCWGG
M.Eco9001I,AGCANNNNNNTGA
S.Eco9001I,AGCANNNNNNTGA
M.Eco9234I,CACNNNNNNNCTGG
S.Eco9234I,CACNNNNNNNCTGG
M.Eco9281I,RTACNNNNGTG
S.Eco9281I,RTACNNNNGTG
M.Eco933I,CACNNNNNNNCTGG
S.Eco933I,CACNNNNNNNCTGG
M.Eco9387Dam,GATC
M.Eco9387Dcm,CCWGG
EcoAI,GAGNNNNNNNGTCA
M.EcoAI,GAGNNNNNNNGTCA
S.EcoAI,GAGNNNNNNNGTCA
M.EcoA8I,CYAYNNNNNNNTTAC
S.EcoA8I,CYAYNNNNNNNTTAC
EcoAO83I,GGANNNNNNNNATGC
M.EcoAO83I,GGANNNNNNNNATGC
S.EcoAO83I,GGANNNNNNNNATGC
M.EcoBI,TGANNNNNNNNTGCT
S.EcoBI,TGANNNNNNNNTGCT
M.EcoB4103I,TTCANNNNNCTC
M.EcoB4103II,GAGCC
S.EcoB4103I,TTCANNNNNCTC
M.EcoBE104I,AACNNNNNNGTGC
S.EcoBE104I,AACNNNNNNGTGC
M.EcoBH212I,AACNNNNNNGTGC
S.EcoBH212I,AACNNNNNNGTGC
M.EcoC600I,AACNNNNNNGTGC
S.EcoC600I,AACNNNNNNGTGC
EcoCFTI,GAGNNNNNNNGTCA
M.EcoCFTI,GAGNNNNNNNGTCA
M.EcoCFTII,CACAG
S.EcoCFTI,GAGNNNNNNNGTCA
M.EcoCI5I,GACNNNNNNRTAAY
S.EcoCI5I,GACNNNNNNRTAAY
S.EcoDI,TTANNNNNNNGTCY
M.EcoDHB4I,AACNNNNNNGTGC
S.EcoDHB4I,AACNNNNNNGTGC
S.EcoDXXI,TCANNNNNNNRTTC
EcoEI,GAGNNNNNNNATGC
M.EcoEI,GAGNNNNNNNATGC
S.EcoEI,GAGNNNNNNNATGC
M.EcoEC149I,AACNNNNNNGTGC
S.EcoEC149I,AACNNNNNNGTGC
M.EcoEc67Dam,GATC
M.EcoF5505I,ACAGNNNNNNTGC
S.EcoF5505I,ACAGNNNNNNTGC
M.EcoF5656I,CACNNNNNNGTTG
S.EcoF5656I,CACNNNNNNGTTG
M.EcoF6326I,CAAYNNNNNCTGC
S.EcoF6326I,CAAYNNNNNCTGC
M.EcoF6699I,GGCANNNNNNNTTC
S.EcoF6699I,GGCANNNNNNNTTC
EcoGIII,CTGCAG
EcoGVIII,ACCACC
M.EcoGDam,GATC
M.EcoGDcm,CCWGG
M.EcoGI,A
M.EcoGII,A
M.EcoGIII,CTGCAG
M.EcoGIV,RTCANNNNNNNNGTGG
M.EcoGIX,SAY
M.EcoGV,GATC
M.EcoGVI,ATGCAT
M.EcoGVII,GATC
M.EcoGVIII,ACCACC
EcoHK31I,YGGCCR
M.EcoHK31IA,YGGCCR
M.EcoHK31IB,YGGCCR
M.EcoHSI,GGTAAG
M.EcoJA03PI,GATGNNNNNCTG
S.EcoJA03PI,GATGNNNNNCTG
M.EcoJA17PI,GAGNNNNNNNGTCA
S.EcoJA17PI,GAGNNNNNNNGTCA
M.EcoJA23PI,GAGNNNNNNNGTCA
S.EcoJA23PI,GAGNNNNNNNGTCA
M.EcoJA65PI,AGCANNNNNNTGA
S.EcoJA65PI,AGCANNNNNNTGA
M.EcoJA69PI,CCANNNNNNNCTTC
S.EcoJA69PI,CCANNNNNNNCTTC
EcoKI,AACNNNNNNGTGC
EcoKMcrA,YCGR
M.EcoKDam,GATC
M.EcoKDcm,CCWGG
M.EcoKI,AACNNNNNNGTGC
M.EcoKII,ATGCAT
S.EcoKI,AACNNNNNNGTGC
M.EcoK54I,AACNNNNNNGTGC
S.EcoK54I,AACNNNNNNGTGC
EcoMVII,CANCATC
M.EcoMII,RTACNNNNGTG
M.EcoMIII,AAAGNNNNGTT
S.EcoMII,RTACNNNNGTG
S.EcoMIII,AAAGNNNNGTT
M.EcoM9682I,CACNNNNNNGTTG
S.EcoM9682I,CACNNNNNNGTTG
M.EcoMC01I,AACNNNNNNGTGC
S.EcoMC01I,AACNNNNNNGTGC
M.EcoNIH1I,AACNNNNNNGTGC
M.EcoNIH1II,YTCANNNNNNGTTY
M.EcoNIH1III,GATGNNNNNNTAC
S.EcoNIH1I,AACNNNNNNGTGC
S.EcoNIH1II,YTCANNNNNNGTTY
S.EcoNIH1III,GATGNNNNNNTAC
M.EcoNIH2I,GGANNNNNNNNATGC
M.EcoNIH2II,GACNNNNNNGTC
S.EcoNIH2I,GGANNNNNNNNATGC
S.EcoNIH2II,GACNNNNNNGTC
M.EcoNU14I,CCANNNNNNNCTTC
S.EcoNU14I,CCANNNNNNNCTTC
C.EcoO109I,CTAAGNNNNNCTTAG
EcoO109I,RGGNCCY
M.EcoO109I,RGGNCCY
EcoPI,AGACC
M.EcoPI,AGACC
EcoP15I,CAGCAG
M.EcoP15I,CAGCAG
EcoprrI,CCANNNNNNNRTGC
M.EcoprrI,CCANNNNNNNRTGC
S.EcoprrI,CCANNNNNNNRTGC
EcoRI,GAATTC
EcoRV,GATATC
M.EcoRI,GAATTC
M.EcoRII,CCWGG
M.EcoRV,GATATC
EcoR124II,GAANNNNNNNRTCG
M.EcoR124II,GAANNNNNNNRTCG
S.EcoR124II,GAANNNNNNNRTCG
M.EcoR9I,AGCANNNNNNTGA
S.EcoR9I,AGCANNNNNNTGA
M.EcoS133II,GATANNNNNNTAG
S.EcoS133II,GATANNNNNNTAG
M.EcoS448I,CCANNNNNNNCTTC
S.EcoS448I,CCANNNNNNNCTTC
M.EcoS472I,AAGNNNNNNNCTGG
S.EcoS472I,AAGNNNNNNNCTGG
M.EcoSanI,TGANNNNNNCTTC
S.EcoSanI,TGANNNNNNCTTC
M.EcoSH1I,CGTANNNNNGTC
S.EcoSH1I,CGTANNNNNGTC
M.EcoT1Dam,GATC
M.EcoT2Dam,GATC
EcoT38I,GRGCYC
M.EcoT4Dam,GATC
F-EcoT5I,TGGCGACGAAAACCGCTTGGAAAGTGGCTG
F-EcoT5II,ACCTACCATTAACGGAGTCAAAGGCCATTG
F-EcoT5IV,TAGGTACTGGACTTAAAATTCAGGTTTTGT
M.EcoTWDcm,CCWGG
M.EcoUTI,CCANNNNNNNCTTC
S.EcoUTI,CCANNNNNNNCTTC
M.EcoVR50I,TGANNNNNNNNTGCT
S.EcoVR50I,TGANNNNNNNNTGCT
M.Efa323I,AGACG
M.EfaBMDam,GATC
M.EfaDMEA02I,CNRTANNNNNNRTTG
S.EfaDMEA02I,CNRTANNNNNNRTTG
M.Ehi234I,CCANNNNNNTTGA
S.Ehi234I,CCANNNNNNTTGA
M.Eho16691I,RTCANNNNNNNNNTRGG
S.Eho16691I,RTCANNNNNNNNNTRGG
ElmI,GCNGC
M.Eox12280I,AAAYNNNNNGTG
S.Eox12280I,AAAYNNNNNGTG
M.EpeB64I,GCAYNNNNNNTYTC
S.EpeB64I,GCAYNNNNNNTYTC
M.EpiCK41I,RGACNNNNNGTNG
S.EpiCK41I,RGACNNNNNGTNG
M.EsaSP1Dam,GATC
M.EsaSP1I,GAGNNNNNNCTTC
S.EsaSP1I,GAGNNNNNNCTTC
EsaWC1I,GGCC
M.EsaWC1I,GGCC
C.Esp1396I,ATGTGACTTATAGTCCGTGTGATTATAGTCAACAT
Esp1396I,CCANNNNNTGG
M.Esp1396I,CCANNNNNTGG
Esp3I,CGTCTC
M.Esp3I,CGTCTC
M.Esp375I,GAYNNNNNNCTTA
S.Esp375I,GAYNNNNNNCTTA
Esp638I,GCNGC
M.EtaTXDDam,GATC
M.Evi17526I,RGATCY
M.Fba202Z8I,GAGNNNNNGTTY
S.Fba202Z8I,GAGNNNNNGTTY
M.FchCBS1I,GAANNNNNNCTT
S.FchCBS1I,GAANNNNNNCTT
M.Fco1691I,TAGNNNNNNCTTC
S.Fco1691I,TAGNNNNNNCTTC
M.Fen1006I,GAVATC
M.Fli6794I,GATNNNNNNNNTTGG
S.Fli6794I,GATNNNNNNNNTTGG
M.FnoB1I,GAYNNNNNNNTGG
S.FnoB1I,GAYNNNNNNNTGG
FnuDI,GGCC
M.FnuDI,GGCC
FokI,GGATG
M.FokI,GGATG
M.FpsJI,CCGG
M.FpsJII,CGCAG
M.FpsJIII,CTGAAG
M.FpsJIV,GATC
M.FpsJV,CGCG
M.FpsJVI,CCNGG
M.Fsa33148I,GAGNNNNNNTTG
S.Fsa33148I,GAGNNNNNNTTG
FseI,GGCCGGCC
FspI,TGCGCA
Fsp4HI,GCNGC
M.Fsp4HI,GCNGC
FspEI,CC
M.FspVDam,GATC
FssI,GGWCC
M.FssI,GGWCC
FtnUIV,GATC
FtnUV,GAAACA
GauT27I,CGCGCAGG
Gba686I,GGATCC
M.Gba686I,GGATCC
M.Gba708I,TGANNNNNNNCTGG
S.Gba708I,TGANNNNNNNCTGG
M.Gel16401I,GAGNNNNNNRTTRG
S.Gel16401I,GAGNNNNNNRTTRG
M.Gho33564Dam,GATC
GmeII,TCCAGG
M.GmeI,GGATC
M.GmeII,TCCAGG
M.Gsp928I,GATC
M.Gth3570II,GCCAT
M.GthID1I,GAAANNNNNNTCNG
M.GthID1II,GCCAT
S.GthID1I,GAAANNNNNNTCNG
I-GzeI,GCCCCTCATAACCCGTATCAAG
HaeII,RGCGCY
HaeIII,GGCC
HaeIV,GAYNNNNNRTC
M.HaeII,RGCGCY
M.HaeIII,GGCC
M.HaeV,BA
M.Hal158I,RTAGNNNNNNTGAY
S.Hal158I,RTAGNNNNNNTGAY
M.Hal5920I,GAAYNNNNNNNRTTTC
S.Hal5920I,GAAYNNNNNNNRTTTC
HauII,TGGCCA
M.HauIII,CATG
M.HchI,GAANNNNNNTCGG
S.HchI,GAANNNNNNTCGG
M.HfrAA6I,GTWWAC
HgiBI,GGWCC
M.HgiBI,GGWCC
HgiCI,GGYRCC
HgiCII,GGWCC
M.HgiCI,GGYRCC
M.HgiCII,GGWCC
HgiDI,GRCGYC
HgiDII,GTCGAC
M.HgiDI,GRCGYC
M.HgiDII,GTCGAC
HgiEI,GGWCC
M.HgiEI,GGWCC
HhaI,GCGC
HhaII,GANTC
M.HhaI,GCGC
M.HhaII,GANTC
M.Hin2866I,CCTAC
Hin4II,CCTTC
M1.Hin4II,CCTTC
M2.Hin4II,CCTTC
HincII,GTYRAC
M.HincII,GTYRAC
HindII,GTYRAC
HindIII,AAGCTT
M.HindDam,GATC
M.HindII,GTYRAC
M.HindIII,AAGCTT
M.HindV,GRCGYC
M.HindVI,CGAAT
M.HindVII,BA
HinfI,GANTC
M.HinfI,GANTC
HinP1I,GCGC
M.HinP1I,GCGC
M.Hka19301I,CCANNNNNNRTCC
S.Hka19301I,CCANNNNNNRTCC
M.Hla49239I,CCWGG
M.Hma11271I,AACNNNNNNNTCCA
S.Hma11271I,AACNNNNNNNTCCA
I-HmuI,AACGCTCAGCAATTCCCACGT
I-HmuII,ATTATTCCAGTATAACTTTGAGATTAAG
HpaI,GTTAAC
HpaII,CCGG
M.HpaI,GTTAAC
M.HpaII,CCGG
HphI,GGTGA
M1.HphI,GGTGA
M2.HphI,GGTGA
M.HpyI,CATG
M.Hpy166IV,CATG
Hpy188I,TCNGA
M.Hpy188I,TCNGA
M.Hpy188II,CATG
Hpy300VIII,AGGAG
Hpy300XI,CCTYNA
M.Hpy300III,GAATTC
M.Hpy300X,GACY
M1.Hpy300VI,CCATC
M2.Hpy300VI,CCATC
Hpy51I,GTSAC
M.Hpy66I,CGWCG
M.Hpy66II,ACNGT
M.Hpy66III,GATC
M.Hpy66IV,GANTC
M.Hpy66IX,CCGG
M.Hpy66V,TCNGA
M.Hpy66VI,TCNNGA
M.Hpy66VII,ATTAAT
M.Hpy66VIII,TGCA
M.Hpy66XI,CATG
M.Hpy66XII,GTAC
M.Hpy66XIII,GTNNAC
M.Hpy66XV,CAGNNNNNTC
M1.Hpy66X,CCATC
M1.Hpy66XIV,CCTC
M2.Hpy66X,CCATC
S.Hpy66XV,CAGNNNNNTC
Hpy99I,CGWCG
Hpy99II,GTSAC
Hpy99III,GCGC
Hpy99IV,CCNNGG
Hpy99XIII,GCCTA
Hpy99XIV,GGWTAA
Hpy99XIV-mut1,GGWCNA
Hpy99XVI,RTAYNNNNNRTAY
Hpy99XXII,CYANNNNNNTGA
M.Hpy99I,CGWCG
M.Hpy99II,GTSAC
M.Hpy99III,GCGC
M.Hpy99IV,CCNNGG
M.Hpy99IX,GANTC
M.Hpy99VI,GATC
M.Hpy99VII,TCGA
M.Hpy99VIII,CCGG
M.Hpy99X,CATG
M.Hpy99XI,ACGT
M.Hpy99XII,GTAC
M.Hpy99XIX,ATTAAT
M.Hpy99XV,"AAGNNNNNCTT,"
M.Hpy99XVI,RTAYNNNNNRTAY
M.Hpy99XVIII,TCNNGA
M.Hpy99XX,CCANNNNNNTTT
M.Hpy99XXI,GWCAY
M1.Hpy99V,CCTC
S.Hpy99XV,"CTTTANNNNNNCTT,"
S.Hpy99XVI,RTAYNNNNNRTAY
S.Hpy99XVII,AAGNNNNNNCTC
S.Hpy99XX,CCANNNNNNTTT
S.Hpy99XXII-mut1,CYANNNNNNTGA
HpyAII,GAAGA
HpyAIII,GATC
HpyAIV,GANTC
HpyAV,CCTTC
HpyAXIV,GCGTA
HpyAXVI-mut1,CRTTAA
HpyAXVI-mut2,CRTCNA
HpyAXVIIIA,GGANNAG
HpyAXVIIIB,GGANNAG
M.HpyAI,CATG
M.HpyAIII,GATC
M.HpyAIV,GANTC
M.HpyAV,CCTTC
M.HpyAVII,ATTAAT
M.HpyAVIII,GCGC
M.HpyAX,TCGA
M.HpyAXI,GCAG
M.HpyAXIII,CTANNNNNNNNTGT
M.HpyAXVII,TCAG
M1.HpyAII,GAAGA
M1.HpyAVI,CCTC
M2.HpyAII,GAAGA
S.HpyAXIII,CTANNNNNNNNTGT
HpyC1I,CCATC
M.HpyD27I,CCTC
HpyGI,TCNNGA
M.HpyGI,TCNNGA
HpyHI,CTNAG
HpyUM032XIII,CYANNNNNNNTRG
HpyUM032XIV,GAAAG
M.HpyUM032I,CATG
M.HpyUM032II,ACNGT
M.HpyUM032III,GATC
M.HpyUM032IV,GANTC
M.HpyUM032IX,CCGG
M.HpyUM032V,TCNGA
M.HpyUM032VII,ATTAAT
M.HpyUM032VIII,TGCA
M.HpyUM032XI,GTNNAC
M.HpyUM032XII,CRTANNNNNNNTC
M.HpyUM032XV,GCGC
M.HpyUM032XVI,CCANNNNNNTC
M.HpyUM032XVII,TCGA
M1.HpyUM032VI,CCTC
S.HpyUM032XII,CRTANNNNNNNTC
S.HpyUM032XVI,CCANNNNNNTC
M.HpyUM037I,CATG
M.HpyUM037II,ACNGT
M.HpyUM037III,GATC
M.HpyUM037IX,CCGG
M.HpyUM037V,GTNNAC
M.HpyUM037VII,ATTAAT
M.HpyUM037VIII,TGCA
M1.HpyUM037VI,CCATC
M.Hqi19763I,CNAGNNNNNNTANYC
S.Hqi19763I,CNAGNNNNNNTANYC
HsoI,GCGC
M.HspNII,CTAG
S.HspNI,CAGNNNNNNTGCT
M.HspRAC07I,CCAYNNNNNNNNTTCG
S.HspRAC07I,CCAYNNNNNNNNTTCG
M.HtuI,CTAG
M.HtuII,CATTC
M.HvoDSI,CTAG
M.HvoDSII,GCABNNNNNNVTGC
S.HvoDSII,GCABNNNNNNVTGC
M.Jda07I,CAYNNNNNNNNTTAC
S.Jda07I,CAYNNNNNNNNTTAC
M.JspWT3II,GGANNNNNNNNTAGC
S.JspWT3II,GGANNNNNNNNTAGC
M.Kae363I,CTANNNNNNNCTCC
S.Kae363I,CTANNNNNNNCTCC
M.Kaq16071III,TAAGNNNNNTCC
S.Kaq16071III,TAAGNNNNNTCC
KasI,GGCGCC
M.Kgl21I,CTANNNNNNNTGC
S.Kgl21I,CTANNNNNNNTGC
M.Kor51Dam,GATC
M.Kox28I,AACNNNNNNNRTGAC
S.Kox28I,AACNNNNNNNRTGAC
M.KoxNIH5I,CCANNNNNNNNCTCC
S.KoxNIH5I,CCANNNNNNNNCTCC
KpnI,GGTACC
S.Kpn0096I,GGCANNNNNNNTNNCG
M.Kpn0138I,AGCNNNNNCTTC
M.Kpn0138II,GAAYNNNNNNNCTGG
S.Kpn0138I,AGCNNNNNCTTC
S.Kpn0138II,GAAYNNNNNNNCTGG
M.Kpn1097I,CGCATC
M.Kpn126I,AGCNNNNNCTTC
S.Kpn126I,AGCNNNNNCTTC
M.Kpn142I,CAGNNNNNNCGT
S.Kpn142I,CAGNNNNNNCGT
M.Kpn1420I,CGCATC
M.Kpn1420II,ACGNNNNNNCTG
S.Kpn1420II,ACGNNNNNNCTG
M.Kpn146I,TGGANNNNNNNTTG
S.Kpn146I,TGGANNNNNNNTTG
M.Kpn148I,TGGANNNNNNNTTG
S.Kpn148I,TGGANNNNNNNTTG
M.Kpn154414I,GAAYNNNNNNNRTDCC
S.Kpn154414I,GAAYNNNNNNNRTDCC
Kpn156V,CRTGATT
M.Kpn160I,AGCNNNNNCTTC
S.Kpn160I,AGCNNNNNCTTC
C.Kpn2I,TTTTGATACAAAATCATATTAAAAATATGACTCCT
Kpn2I,TCCGGA
M.Kpn2I,TCCGGA
M.Kpn234I,CCAYNNNNNTCC
S.Kpn234I,CCAYNNNNNTCC
M.Kpn27I,GATGNNNNNNTGC
S.Kpn27I,GATGNNNNNNTGC
Kpn2kI,CCNGG
M.Kpn2kI,CCNGG
M.Kpn35657I,TTACNNNNNTAG
S.Kpn35657I,TTACNNNNNTAG
M.Kpn36I,CAGNNNNNNCGT
S.Kpn36I,CAGNNNNNNCGT
M.Kpn443I,GTGANNNNNNNTGG
S.Kpn443I,GTGANNNNNNNTGG
M.Kpn447I,AGCNNNNNCTTC
S.Kpn447I,AGCNNNNNCTTC
M.Kpn62629I,CAAYNNNNNGTRC
S.Kpn62629I,CAAYNNNNNGTRC
M.Kpn6671I,GAAYNNNNNNNCTGG
S.Kpn6671I,GAAYNNNNNNNCTGG
M.Kpn79I,CAGNNNNNNCGT
S.Kpn79I,CAGNNNNNNCGT
M.Kpn827024I,GAAYNNNNNNNCTGG
M.Kpn827024II,CGANNNNNNNNTGCC
S.Kpn827024I,GAAYNNNNNNNCTGG
S.Kpn827024II,CGANNNNNNNNTGCC
M.Kpn928I,CAGNNNNNNCGT
S.Kpn928I,CAGNNNNNNCGT
M.Kpn9644I,AAGNNNNNNCGT
S.Kpn9644I,AAGNNNNNNCGT
M.Kpn9667I,ACCNNNNNNGTTY
S.Kpn9667I,ACCNNNNNNGTTY
M.Kpn97I,GGCANNNNNNNTNNCG
S.Kpn97I,GGCANNNNNNNTNNCG
KpnAI,GGCANNNNNNTTC
M.KpnAI,GGCANNNNNNTTC
S.KpnAI,GGCANNNNNNTTC
M.KpnAR161I,CTANNNNNNCTG
S.KpnAR161I,CTANNNNNNCTG
KpnBI,CAAANNNNNNRTCA
M.KpnBI,CAAANNNNNNRTCA
S.KpnBI,CAAANNNNNNRTCA
M.KpnGH01I,GAAYNNNNNNNCTGG
M.KpnGH01II,AGCNNNNNCTTC
S.KpnGH01I,GAAYNNNNNNNCTGG
S.KpnGH01II,AGCNNNNNCTTC
M.Kpnkp3I,TGHAYNNNNNTGA
S.Kpnkp3I,TGHAYNNNNNTGA
M.KpnNIH1I,CAGNNNNNNCGT
S.KpnNIH1I,CAGNNNNNNCGT
M.KpnNIH10I,CAGNNNNNNCGT
S.KpnNIH10I,CAGNNNNNNCGT
M.KpnNIH30I,CAGNNNNNNCGT
S.KpnNIH30I,CAGNNNNNNCGT
M.KpnNIH32I,CGCATC
M.KpnNIH49I,TGAYNNNNNCCT
S.KpnNIH49I,TGAYNNNNNCCT
M.KpnPC07I,CAGNNNNNNCGT
M.KpnPC07II,CGCATC
S.KpnPC07I,CAGNNNNNNCGT
M.KpnPC33I,CAGNNNNNNCGT
M.KpnPC33II,CGCATC
S.KpnPC33I,CAGNNNNNNCGT
M.Kpns9645Dam,GATC
M.Krh302I,RCAANNNNNGTG
S.Krh302I,RCAANNNNNGTG
M.KspEA1I,ATCNNNNNNRTTG
S.KspEA1I,ATCNNNNNNRTTG
M.Lad60222I,AAGCTT
M.Lal20249I,AAGNNNNNRTAG
S.Lal20249I,AAGNNNNNRTAG
M.Lal216I,GCANNNNNNNNTTGG
M.Lal216II,GATC
M.Lal216III,GGTACC
S.Lal216I,GCANNNNNNNNTTGG
M.Lam395I,CAAGNNNNNGGT
S.Lam395I,CAAGNNNNNGGT
M.Lba2029I,CGNNAYNNNNNTCG
S.Lba2029I,CGNNAYNNNNNTCG
M.Lba9792I,ACGNNNNNCTT
S.Lba9792I,ACGNNNNNCTT
M.Lbr124I,YTCANNNNNNNTTRG
S.Lbr124I,YTCANNNNNNNTTRG
M.Lbr367I,GATC
M.Lbr521I,AGGNNNNNNTTC
S.Lbr521I,AGGNNNNNNTTC
M.LbrAG48I,TCAANNNNNNTGG
S.LbrAG48I,TCAANNNNNNTGG
M.LdeLJJI,ATCNNNNNNRTANNC
S.LdeLJJI,ATCNNNNNNRTANNC
M1.LhoZ1I,GCCNNNNNCTCC
M2.LhoZ1I,GCCNNNNNCTCC
S.LhoZ1I,GCCNNNNNCTCC
M.Lin203I,CCANNNNNNRTANC
S.Lin203I,CCANNNNNNRTANC
M.LjoG2AI,GACNNNNNNGTG
S.LjoG2AI,GACNNNNNNGTG
I-LlaI,CACATCCATAACCATATCATTTTT
LlaBI,CTRYAG
LlaBIII,GGCTNA
M.LlaBI,CTRYAG
LlaCI,AAGCTT
M.LlaCI,AAGCTT
LlaDII,GCNGC
M.LlaDII,GCNGC
LlaDCHI,GATC
M1.LlaDCHI,GATC
M2.LlaDCHI,GATC
M1.LlaDRC3V,ACGCC
M2.LlaDRC3V,ACGCC
LlaGI,CTNGAYG
M1.LlaJI,ACGCC
M2.LlaJI,ACGCC
LlaKR2I,GATC
M.LlaKR2I,GATC
LlaMI,CCNGG
M.LlaUC06I,GATC
M1.LlaUC11I,GCATC
M2.LlaUC11I,GCATC
M.Lmo1001I,CGCANNNNNNTC
S.Lmo1001I,CGCANNNNNNTC
S.Lmo1846I,CGCANNNNNNTC
M.Lmo23463I,TTAGNNNNNNTTC
S.Lmo23463I,TTAGNNNNNNTTC
Lmo370I,AGCGCCG
M.Lmo502I,GATC
M.Lmo521I,GAAYNNNNNGTC
S.Lmo521I,GAAYNNNNNGTC
Lmo540I,TAGRAG
M.Lmo54108I,GAAYNNNNNGTC
S.Lmo54108I,GAAYNNNNNGTC
M.Lmo544I,GAAYNNNNNGTC
S.Lmo544I,GAAYNNNNNGTC
M.Lmo546I,GAAYNNNNNGTC
S.Lmo546I,GAAYNNNNNGTC
Lmo6907II,TAGRAG
M.Lmo7956I,ACANNNNCATC
S.Lmo7956I,ACANNNNCATC
M.Lmo7973I,CGCANNNNNNTC
S.Lmo7973I,CGCANNNNNNTC
M.LmoJ2I,GCWGC
M.LmoJ3I,GCNGC
M.Lph145I,GGWGA
M.Lph145II,CYAG
M.Lph93Dam,GATC
M.Lph93I,GGWGA
M.Lph93II,CYAG
Lpl116III,CAGRAG
M.Lpl116I,RTAGNNNNNRTAT
M.Lpl116II,TGATCA
S.Lpl116I,RTAGNNNNNRTAT
Lsp1109I,GCAGC
M.Lsp1109I,GCAGC
M.Lsp13I,CAGNNNNNGCTC
S.Lsp13I,CAGNNNNNGCTC
M.Lsp590I,TTTANNNNNNGTC
S.Lsp590I,TTTANNNNNNGTC
M.LspLP1I,GTAANNNNNNGTA
M.LspLP1II,CATG
S.LspLP1I,GTAANNNNNNGTA
M.LspNIH1I,GTAYNNNNGTG
S.LspNIH1I,GTAYNNNNGTG
M.LspNIH3I,AAGNNNNNNTAYG
S.LspNIH3I,AAGNNNNNNTAYG
I-LtrI,TATCTAAACGTCGTATAGGAGC
I-LtrWI,AGTAGTGAAGTATGTTATTTAATTCG
M.LveDOK28I,ATGNNNNNNNTCC
S.LveDOK28I,ATGNNNNNNNTCC
M.LveSMR4rI,CGAYNNNNNNGCTG
S.LveSMR4rI,CGAYNNNNNNGCTG
M.MaeCP5I,TACBNNNNNTTC
S.MaeCP5I,TACBNNNNNTTC
M.Maf25I,GTAYNNNNATC
M.Maf25III,CTGGAG
S.Maf25IA,GTAYNNNNATC
S.Maf25IB,GTAYNNNNATC
M.MamI,GATNNNNATC
MamI,GATNNNNATC
M.Mam123I,GAGNNNNNNNTTGG
S.Mam123I,GAGNNNNNNNTTGG
MaqI,CRTTGAC
M.MavHJWI,CAGCNNNNNNCTC
S.MavHJWI,CAGCNNNNNNCTC
Mba11I,AGGCGA
M1.MboI,GATC
M2.MboI,GATC
MboI,GATC
MboII,GAAGA
M.Mbo26I,GTAYNNNNATC
M.Mbo26III,CTGGAG
S.Mbo26I,GTAYNNNNATC
M.Mbo30I,GTAYNNNNATC
S.Mbo30I,GTAYNNNNATC
M.MboBCG21I,CTGGAG
M1.McaCI,CCATC
M2.McaCI,CCATC
McaCI,CCATC
M.McaTI,GCGCGC
M.McaTII,AB
M.McaTIII,RGATCY
McaTI,GCGCGC
M.Mch9957III,CGANNNNNNCTCC
S.Mch9957III,CGANNNNNNCTCC
MchCM4I,GAGGAG
M.MexAMI,GANTC
M.Mfo1542I,ATCNNNNNNTCCG
S.Mfo1542I,ATCNNNNNNTCCG
M.MfoCT6I,ACCNNNNNCTGC
M.MfoCT6II,CTCGAG
M.MfoCT6III,ATCGAT
M.MfoCT6IV,GCCGGC
S.MfoCT6I,ACCNNNNNCTGC
M.MfuSI,CCANNNNNCTC
S.MfuSI,CCANNNNNCTC
M.MgaS6I,AGGNNNNGNT
S.MgaS6I,AGGNNNNGNT
M.Mha183II,GCATC
M.Mha183III,CTGAAG
M.Mha183IV,GTTAAT
M.Mha183VI,GACNNNNNTTC
S.Mha183VI,GACNNNNNTTC
M.Mha185I,GATC
M.Mha185II,GCATC
M.Mha185IV,GTTAAT
Mha185III,CTGAAG
M.Mha807III,GNGAYNNNNNNNRTTG
M.Mha807IV,CAACNNNNNTC
M.Mhy14884I,CTCGAG
M.MjaI,CTAG
M.MjaII,GGNCC
M.MjaIII,GATC
M.MjaIV,GTNNAC
M.MjaV,GTAC
M.MjaVI,CCGG
MjaI,CTAG
MjaII,GGNCC
MjaIII,GATC
MjaIV,GTNNAC
MjaV,GTAC
M.MlaZI,ACCNNNNNNRTGA
S.MlaZI,ACCNNNNNNRTGA
MluI,ACGCGT
M.Mlu211I,GCANNNNNNNRTGT
S.Mlu211I,GCANNNNNNNRTGT
M.Mma5219II,AGCT
M1.Mma5219I,TCYNNNNNNTCG
M2.Mma5219I,TCYNNNNNNTCG
S.Mma5219I,TCYNNNNNNTCG
MmeI,TCCRAC
MmeII,GATC
M.Mmo172I,CYYANNNNNNNNGTTG
S.Mmo172I,CYYANNNNNNNNGTTG
M.MmoTt01I,GACNNNNNNNGTTG
S.MmoTt01I,GACNNNNNNNGTTG
MmyCI,TGAG
M1.MnlI,CCTC
M2.MnlI,CCTC
MnlI,CCTC
M.MpeI,CG
M.MpeII,RGCY
I-MpeMI,TAGATAACCATAAGTGGCTAAT
M.MpnI,CTAT
M.MpnII,GANNNNNNNTAY
S.MpnII,GANNNNNNNTAY
M.MroGW6I,RGACNNNNNGRTC
S.MroGW6I,RGACNNNNNGRTC
M.Mru1279I,GGCANNNNNNTGG
M.Mru1279II,CTCGAG
M.Mru1279III,AATT
M.Mru1279IV,CAGCTG
M.Mru1279V,RGATCY
M.Mru1279VI,TTAA
M.Mru1279VII,GATC
S.Mru1279I,GGCANNNNNNTGG
MscI,TGGCCA
M.MseI,TTAA
MseI,TTAA
M.MsmI,CTCGAG
I-MsoI,CTGGGTTCAAAACGTCGTGAGACAGTTTGG
M.MspI,CCGG
MspI,CCGG
M.Msp1I,CCAANNNNNNTTG
S.Msp1I,CCAANNNNNNTTG
M.Msp10II,GTANNNNNNTAC
S.Msp10II,GTANNNNNNTAC
M.Msp412I,GACNNNNNNNNTGCC
S.Msp412I,GACNNNNNNNNTGCC
M.Msp42I,CCAANNNNNNTTG
S.Msp42I,CCAANNNNNNTTG
M.Msp436I,CCANNNNNNGTAG
S.Msp436I,CCANNNNNNGTAG
M.Msp5I,CCAYNNNNCTT
S.Msp5I,CCAYNNNNCTT
M.Msp8I,GACNNNNNCTGG
S.Msp8I,GACNNNNNCTGG
M.MspA1I,CMGCKG
MspA1I,CMGCKG
M.MspB1II,GACNNNNNTCA
S.MspB1II,GACNNNNNTCA
MspBKII,CGCTNAT
MspBKIII,CGGCNAC
MspBKIV,GGGCNAG
MspCDII,GCAAAAG
MspCDIII,CTCCNAG
MspCDIV,GCTCNAT
MspJI,CNNR
MspMLII,GTTGNAG
MspNHII,GCAAAAG
MspNHIV,GGCTNAG
MspNHV,GCTCNAG
M.MspPH06I,CGCANNNNNNGTGG
S.MspPH06I,CGCANNNNNNGTGG
M.MspRAC08I,GGYANNNNNVTGAC
S.MspRAC08I,GGYANNNNNVTGAC
MspSTII,CGCTNAT
MspSTIII,GTTCNAG
MspSTIV,CTCGNAT
M.Msy25204I,GATC
Mte37I,C
M.MthTI,GGCC
MthTI,GGCC
M.MthZI,CTAG
MthZI,CTAG
PI-MtuI,AACGCGGTCGGCAACCGCACCCGGGTCAC
M.Mtu1007I,GTAYNNNNATC
S.Mtu1007I,GTAYNNNNATC
M.Mtu1008I,GTAYNNNNATC
S.Mtu1008I,GTAYNNNNATC
M.Mtu1009I,GTAYNNNNATC
S.Mtu1009I,GTAYNNNNATC
M.Mtu12961I,GTAYNNNNATC
S.Mtu12961I,GTAYNNNNATC
M.Mtu1451I,GTAYNNNNATC
S.Mtu1451I,GTAYNNNNATC
M.Mtu1452I,GTAYNNNNATC
S.Mtu1452I,GTAYNNNNATC
M.Mtu1453I,GTAYNNNNATC
S.Mtu1453I,GTAYNNNNATC
M.Mtu1454I,GTAYNNNNATC
S.Mtu1454I,GTAYNNNNATC
M.Mtu1456I,GTAYNNNNATC
S.Mtu1456I,GTAYNNNNATC
M.Mtu1457I,GTAYNNNNATC
S.Mtu1457I,GTAYNNNNATC
M.Mtu1459I,GTAYNNNNATC
S.Mtu1459I,GTAYNNNNATC
M.Mtu1460I,GTAYNNNNATC
S.Mtu1460I,GTAYNNNNATC
M.Mtu18I,GTAYNNNNATC
S.Mtu18I,GTAYNNNNATC
M.Mtu2122I,ACAYNNNNNNNTTGG
S.Mtu2122I,ACAYNNNNNNNTTGG
M.Mtu22103I,GTAYNNNNATC
S.Mtu22103I,GTAYNNNNATC
M.Mtu2242I,GTAYNNNNATC
S.Mtu2242I,GTAYNNNNATC
M.Mtu2279I,GTAYNNNNATC
S.Mtu2279I,GTAYNNNNATC
M.Mtu28I,CTGGAG
M.Mtu37004II,CTGGAG
M.Mtu445I,GTAYNNNNATC
S.Mtu445I,GTAYNNNNATC
M.Mtu447I,GTAYNNNNATC
S.Mtu447I,GTAYNNNNATC
M.MtuBlI,GTAYNNNNATC
S.MtuBlI,GTAYNNNNATC
M.MtuHI,GTAYNNNNATC
M.MtuHIII,CTGGAG
S.MtuHI,GTAYNNNNATC
M.MtuHN878I,GTAYNNNNATC
S.MtuHN878I,GTAYNNNNATC
C.MunI,GCTTATAGTCCGTTGTTTTTAAAC
M.MunI,CAATTG
MunI,CAATTG
M.MvaI,CCWGG
MvaI,CCWGG
M.Mva1261III,CTANNNNNNRTTC
Mva1261III,CTANNNNNNRTTC
S.Mva1261III,CTANNNNNNRTTC
M.Mva1269I,GAATGC
Mva1269I,GAATGC
M.MwoI,GCNNNNNNNGC
MwoI,GCNNNNNNNGC
M.NaeI,GCCGGC
NaeI,GCCGGC
I-NanI,AAGTCTGGTGCCAGCACCCGC
Nar7I,CTGRAG
M.Nba100970I,TTACNNNNNTGC
S.Nba100970I,TTACNNNNNTGC
M.NciI,CCSGG
NciI,CCSGG
M.NcoI,CCATGG
NcoI,CCATGG
M1.NcuI,GAAGA
M2.NcuI,GAAGA
NcuI,GAAGA
M.Nfa11134II,GACNNNNNCTAC
S.Nfa11134II,GACNNNNNCTAC
NflHI,GCGGAG
M2.Ngo3502II,GGTGA
M.NgoAI,RGCGCY
M.NgoAII,GGCC
M.NgoAIII,CCGCGG
M.NgoAIV,GCCGGC
M.NgoAV,GCANNNNNNNNTGC
M.NgoAVII,GCCGC
M.NgoAX,CCACC
M.NgoAXII,GCAGA
M.NgoAXVII,GAGNNNNNTAC
NgoAI,RGCGCY
NgoAIII,CCGCGG
NgoAIV,GCCGGC
NgoAV,GCANNNNNNNNTGC
NgoAVI,GATC
NgoAVII,GCCGC
NgoAVIII,GACNNNNNTGA
NgoAX,CCACC
S.NgoAVIII,GACNNNNNTGA
S.NgoAXVII,GAGNNNNNTAC
S1.NgoAV,GCANNNNNNNNTGC
M.NgoBI,RGCGCY
M.NgoBII,GGCC
M.NgoBV,GGNNCC
M1.NgoBVIII,GGTGA
NgoBI,RGCGCY
NgoBV,GGNNCC
NgoBVIII,GGTGA
M.NgoDCXV,GCCHR
M.NgoFVII,GCSGC
NgoFVII,GCSGC
M.NgoLII,GGCC
M.NgoMIII,CCGCGG
M.NgoMIV,GCCGGC
M.NgoMV,GGNNCC
NgoMIII,CCGCGG
NgoMIV,GCCGGC
NgoMVIII,GGTGA
M.NgoPII,GGCC
NgoPII,GGCC
M.NhaXII,GANTC
NhaXI,CAAGRAG
M.NheI,GCTAGC
NheI,GCTAGC
I-NitI,AAGTCTGGTGCCAGCACCCGC
I-NjaI,AAGTCTGGTGCCAGCACCCGC
M.NlaIV,GGNNCC
M.NlaX,CCNGG
NlaIV,GGNNCC
M.NmaPhiCh1I,GATC
M.Nme18I,ACACC
M.NmeAI,CCGG
NmeAII,GATC
NmeAIII,GCCGAG
M1.NmeBI,GACGC
M2.NmeBI,GACGC
NmeBI,GACGC
NmeBL859I,GATC
M.NmeDI,RCCGGB
NmeDI,RCCGGY
M.NmeSI,AGTACT
NmeSI,AGTACT
M.NotI,GCGGCCGC
M.NotII,CAANNNNNNNCTGG
S.NotII,CAANNNNNNNCTGG
M.NpeUS61I,GANTC
NpeUS61II,GATCGAC
M.Nph3I,RGATCY
Nph3I,RGATCY
NsoJS138I,CAGCTG
M.NspI,RCATGY
M.NspV,TTCGAA
NspI,RCATGY
NspV,TTCGAA
M.Nsp209II,RGACNNNNNNRTCGC
S.Nsp209II,RGACNNNNNNRTCGC
M.NspHI,RCATGY
NspHI,RCATGY
M.NspTHN1I,GAYCNNNNNRTTC
S.NspTHN1I,GAYCNNNNNRTTC
ObaBS10I,ACGAG
OgrI,CAACNAC
I-OnuI,GGTTGAATAAGTGG
M.OpiAA2II,TACNNNNNTCC
S.OpiAA2II,TACNNNNNTCC
M.Osp2203I,TGAANNNNRTTG
S.Osp2203I,TGAANNNNRTTG
M.Osp807III,AAGNNNNNNTAYG
S.Osp807III,AAGNNNNNNTAYG
M.Osp894I,GAGNNNNNNGATG
S.Osp894I,GAGNNNNNNGATG
M.Our329I,CCANNNNNNGTG
S.Our329I,CCANNNNNNGTG
M.PabI,GTAC
PabI,GTAC
PacIII,GTAATC
M.Pac19842I,TAAGNNNNCTAY
M.Pac19842III,ACCAGG
S.Pac19842I,TAAGNNNNCTAY
M.Pac25I,CCCGGG
Pac25I,CCCGGG
M.Pae10332I,AGGNNNNNTTCA
M.Pae10332II,CAGCTC
S.Pae10332I,AGGNNNNNTTCA
M.Pae1380I,CYYANNNNNNCTTC
S.Pae1380I,CYYANNNNNNCTTC
M.Pae41639I,GCCCAG
M.Pae50071II,AGGNNNNNTTCA
S.Pae50071II,AGGNNNNNTTCA
M1.Pae95I,CCCNNNNNGTAG
M2.Pae95I,CCCNNNNNGTAG
S.Pae95I,CCCNNNNNGTAG
M.PaePAI,GATCNNNNNNGTC
S.PaePAI,GATCNNNNNNGTC
M.PaePA77I,CCCANNNNNCTG
S.PaePA77I,CCCANNNNNCTG
M.PaeR7I,CTCGAG
PaeR7I,CTCGAG
M.Pam7686I,CCATGG
Pam7686I,CCATGG
Pan13I,GCWGC
M.Pan971I,ACCNNNNNGTCY
S.Pan971I,ACCNNNNNGTCY
I-PanMI,GCTCCTCATAATCCTTATCAAG
M1.Pap126I,GCCNNNNNCTTC
M2.Pap126I,GCCNNNNNCTTC
S.Pap126I,GCCNNNNNCTTC
M.Pat19335I,TGTANNNNNNGCT
S.Pat19335I,TGTANNNNNNGCT
PatTI,C
M.Pbo13188I,CTCAAT
M.PboPX4I,CGAGNNNNNNTCGC
S.PboPX4I,CGAGNNNNNNTCGC
M.PbrDF41I,ACCNNNNNNTGGA
S.PbrDF41I,ACCNNNNNNTGGA
M1.PcaI,GCCNNNNNNTGCG
M2.PcaI,GCCNNNNNNTGCG
PcaII,GACGAG
S.PcaI,GCCNNNNNNTGCG
M.PchPA23I,GAGNNNNNNVTGAC
S.PchPA23I,GAGNNNNNNVTGAC
M.PciP3B5I,GTANNNNNNVTAC
S.PciP3B5I,GTANNNNNNVTAC
PcoI,GAACNNNNNNTCC
M.Pde1525I,GAGNNNNNCTT
S.Pde1525I,GAGNNNNNCTT
M.Pdi9689I,CAAAAA
M.Pdi9689II,CANNNNNNNTAAAG
S.Pdi9689II,CANNNNNNNTAAAG
M.PenI,GCAGT
M.Pen113I,GASTC
M.Pen113II,CTNNAG
M.Pfa23572I,GTWWAC
M.Pfe45I,AYCNNNNNGTCC
S.Pfe45I,AYCNNNNNGTCC
M.Pfl300I,GAGNNNNNNGTTC
S.Pfl300I,GAGNNNNNNGTTC
M.PflL13I,TGANNNNNNNCTCG
S.PflL13I,TGANNNNNNNCTCG
M.PflMI,CCANNNNNTGG
M.Pfr20271I,GGANNNNNNNCTT
M.Pfr20271II,TCGWCGA
S.Pfr20271I,GGANNNNNNNCTT
M.PfrAS1I,TCANNNNNNNNNTTCC
S.PfrAS1I,TCANNNNNNNNNTTCC
PfrCI,C
M.PfrJSI,AGCAGY
M.PfrJSII,AGTNNNNNNCTT
S.PfrJSII,AGTNNNNNNCTT
M.PfrJS12I,GCANNNNNNRTGA
PfrJS12IV,TANAAG
S.PfrJS12I,GCANNNNNNRTGA
M.PfrJS12aI,GCANNNNNNRTGA
S.PfrJS12aI,GCANNNNNNRTGA
M.PfrJS17I,GAANNNNNNNCTT
S.PfrJS17I,GAANNNNNNNCTT
M.PfrJS21I,ACANNNNNNRTAY
S.PfrJS21I,ACANNNNNNRTAY
M.PfrJS21aI,ACANNNNNNRTAY
S.PfrJS21aI,ACANNNNNNRTAY
M.PfrJS25I,ACANNNNNNRTAY
S.PfrJS25I,ACANNNNNNRTAY
M.PfrJS9I,GCANNNNNNGTGG
M.PfrJS9II,CAGNNNNNNCTG
M.PfrJS9III,CTGGAG
S.PfrJS9I,GCANNNNNNGTGG
M.PfrJS9aI,GCANNNNNNGTGG
S.PfrJS9aI,GCANNNNNNGTGG
M.Pfu17724I,CRTANNNNNNNCTG
S.Pfu17724I,CRTANNNNNNNCTG
M.PgiI,GATC
M.Pgr15220I,AGCNNNNNRTGC
S.Pgr15220I,AGCNNNNNRTGC
M.Pha15H5I,CCGANNNNNNTAG
S.Pha15H5I,CCGANNNNNNTAG
M.Phi3TI,"GGCC,"
M.Phi3TII,TCGA
M.PhiMx8I,CTSSAG
M.PhoI,GGCC
PhoI,GGCC
M.Pin17395I,TGANNNNNNNTGGG
M.Pin17395II,GANTC
S.Pin17395I,TGANNNNNNNTGGG
M.Pin17FV,GAGNNNNNNTTA
M.Pin1945II,ACAYNNNNNTGG
S.Pin1945II,ACAYNNNNNTGG
M.Pin25611FII,GATC
M.Pin25611FIII,GCWGC
M.Pin25611FIV,GAGNNNNTAC
M2.Pin25611FI,GGATG
S.Pin25611FIV,GAGNNNNTAC
M.PinDOK11I,GACNNNNNNCTGG
S.PinDOK11I,GACNNNNNNCTGG
M.PinP10I,TGANNNNNNNTGGG
S.PinP10I,TGANNNNNNNTGGG
M.PinP48I,CGCANNNNNCTG
S.PinP48I,CGCANNNNNCTG
M.PinP72I,CCANNNNNNNTGGG
S.PinP72I,CCANNNNNNNTGGG
M.PinT5II,AGYNNNNNNCTTC
S.PinT5II,AGYNNNNNNCTTC
PI-PkoI,GATTTTAGATCCCTGTACC
PI-PkoII,CAGTACTACGGTTAC
M.Pla5II,AYCNNNNNCTTC
S.Pla5II,AYCNNNNNCTTC
PlaDI,CATCAG
M.Ple25539I,GCANNNNNNCTTC
S.Ple25539I,GCANNNNNNCTTC
M.Plu249I,GCCANNNNNNNTGA
M.Plu249II,GATC
S.Plu249I,GCCANNNNNNNTGA
M.Plu4054I,GCCANNNNNNNTGA
S.Plu4054I,GCCANNNNNNNTGA
M.Plu542I,GCCANNNNNNNTGA
S.Plu542I,GCCANNNNNNNTGA
M.PluTI,GGCGCC
PluTI,GGCGCC
M.PmeII,GGWCC
M.PmeIII,CCGATC
PmeI,GTTTAAAC
M1.Pme5I,CCCNNNNNNTGCG
M2.Pme5I,CCCNNNNNNTGCG
S.Pme5I,CCCNNNNNNTGCG
M1.PmeS132II,CCCNNNNNNTGCG
M2.PmeS132II,CCCNNNNNNTGCG
S.PmeS132II,CCCNNNNNNTGCG
M.Pmi1037I,CATATG
M.Pmi155I,CCAANNNNNTTCA
S.Pmi155I,CCAANNNNNTTCA
M.Pmi156I,CCAANNNNNNTTC
S.Pmi156I,CCAANNNNNNTTC
M.Pmi29I,CAAGNNNNNTTAA
S.Pmi29I,CAAGNNNNNTTAA
M.Pmi60I,GCTANNNNNNTGG
S.Pmi60I,GCTANNNNNNTGG
M.Pmi614I,CGAANNNNNTGA
S.Pmi614I,CGAANNNNNTGA
M.Pmi67Dam,GATC
M.Pmi67I,GGYAYNNNNNTGG
S.Pmi67I,GGYAYNNNNNTGG
M.Pmo56711I,CAAGNNNNNNNTCGA
S.Pmo56711I,CAAGNNNNNNNTCGA
M.Pmu216I,CCANNNNNRTTA
S.Pmu216I,CCANNNNNRTTA
M.Pmu384I,TGAANNNNNTAG
M.Pmu384II,GATC
S.Pmu384I,TGAANNNNNTAG
M.Pmu385I,TGAANNNNNTAG
S.Pmu385I,TGAANNNNNTAG
M.Pmu60213I,GATC
M.Pmu60215I,GATC
M.Pmu60380I,GATC
M.Pmu60494I,GATC
M.Pmu60714I,GATC
M.Pmu60717I,GATC
M.PmuADam,GATC
M.Pno11628II,GTWWAC
I-PnoMI,TGAGGTGGTTTCTCTGTAAATTAA
I-PogTE7I,CTTCAGTATGCCCCGAAAC
PpeHI,C
M.Pph10526I,RGACNNNNNCTAR
S.Pph10526I,RGACNNNNNCTAR
M.PpiP14II,GACNNNNNNTAYG
S.PpiP14II,GACNNNNNNTAYG
I-PpoI,TAACTATGACTCTCTTAAGGTAGCCAAAT
M.Ppo2020I,CNAGNNNNNTTGK
S.Ppo2020I,CNAGNNNNNTTGK
M.PpoAI,CNAGNNNNNTTGK
S.PpoAI,CNAGNNNNNTTGK
Pps170I,GCWGC
M.PpuAA7I,GTANNNNNNNNTCCA
S.PpuAA7I,GTANNNNNNNNTCCA
M.PpuS12I,CGANNNNNNNNCTGG
S.PpuS12I,CGANNNNNNNNCTGG
M.PriM8I,WTCANNNNNNNNTGNNC
S.PriM8I,WTCANNNNNNNNTGNNC
Pru4541I,GCWGC
M.Pru6933I,CAGNNNNNNTGT
S.Pru6933I,CAGNNNNNNTGT
M.PsaCLTW6I,GACNNNNNNTCC
S.PsaCLTW6I,GACNNNNNNTCC
PI-PspI,TGGCAAACAGCTATTATGGGTATTATGGGT
M.Psp0357I,CCAYNNNNNRTCC
S.Psp0357I,CCAYNNNNNRTCC
M.Psp1015I,GAAGNNNNNCCT
S.Psp1015I,GAAGNNNNNCCT
M.Psp189I,CCAYNNNNNTCNC
S.Psp189I,CCAYNNNNNTCNC
M.Psp27299I,GAYNNNNNNCTCC
S.Psp27299I,GAYNNNNNNCTCC
M.Psp273I,GTCANNNNNNTAG
S.Psp273I,GTCANNNNNNTAG
M2.Psp32OWII,GAGCTC
M.Psp44I,CAGNNNNCTG
S.Psp44I,CAGNNNNCTG
M.Psp5444I,RCAANNNNNNNTAGG
S.Psp5444I,RCAANNNNNNNTAGG
M.Psp81I,GAGNNNNNCTAC
S.Psp81I,GAGNNNNNCTAC
PspAT13III,CCGANAG
M.PspGI,CCWGG
PspGI,CCWGG
M.PspJ380I,CAANNNNNNNNCTGG
S.PspJ380I,CAANNNNNNNNCTGG
M.PspLM6I,GANTC
M.PspNIH3I,GAGNNNNNNCTGG
S.PspNIH3I,GAGNNNNNNCTGG
M.PspOMIII,TACNNNNNGGT
PspOMII,CGCCCAR
M.PspPI,GGNCC
M.PspR2A2I,CACNNNNNNNNTGCT
S.PspR2A2I,CACNNNNNNNNTGCT
M.PspR76I,GAGNNNNNNNCTGG
S.PspR76I,GAGNNNNNNNCTGG
M.PspS04I,CGTANNNNNGTC
S.PspS04I,CGTANNNNNGTC
M.PspS12II,GAGCAG
M.PspWT1I,GGANNNNNNNNTCC
S.PspWT1I,GGANNNNNNNNTCC
Pst14472I,CNYACAC
M.Pst26I,TAAGNNNNNTARC
S.Pst26I,TAAGNNNNNTARC
M.Pst510I,GAANNNNNTCGA
S.Pst510I,GAANNNNNTCGA
M.Psy63I,GAAANNNNNNTRCC
S.Psy63I,GAAANNNNNNTRCC
M.Psy8803I,TCANNNNNNCTGG
S.Psy8803I,TCANNNNNNCTGG
M.Pth25325I,GTWWAC
M.Pth25325II,ATGAGC
M.PveR02I,CAANNNNNTCGG
S.PveR02I,CAANNNNNTCGG
M.PvuII,CAGCTG
PvuI,CGATCG
M.Pvu366I,RAACNNNNNCTG
S.Pvu366I,RAACNNNNNCTG
PxyI,C
M.Rba05I,TGGANNNNNNNTTC
S.Rba05I,TGGANNNNNNNTTC
M.RbaNRL2I,GANTC
M.RbaNRL2II,ACGANNNNNNGRTC
S1.RbaNRL2II,ACGANNNNNNGRTC
S2.RbaNRL2II,ACGANNNNNNGRTC
RceI,CATCGAC
M.Rde10917IV,GAYNNNNNNTGG
S.Rde10917IV,GAYNNNNNNTGG
RdeGBI,CCGCAG
RdeGBII,ACCCAG
RdeGBIII,TGRYCA
RdeR2I,GCNGC
M.RetCI,TCGANNNNNNCTWC
M.RetCII,GANTC
S.RetCI,TCGANNNNNNCTWC
M.Rgi145I,GCGANNNNNNNGTTC
S.Rgi145I,GCGANNNNNNNGTTC
M.Rgn2154I,GAYGNNNNNNNTAC
S.Rgn2154I,GAYGNNNNNNNTAC
M.Rgu109400II,CCANNNNNNTGG
S.Rgu109400II,CCANNNNNNTGG
M.RheG1I,AAGNNNNNRTGT
S.RheG1I,AAGNNNNNRTGT
M.Rho11sI,"GGCC,"
RlaI,VCW
RlaII,ACACAG
M.Rle39BI,CTGCAG
M.Rma10894I,GTWWAC
M.Rmu369I,AAGNNNNNTGG
S.Rmu369I,AAGNNNNNTGG
M.Ror24724I,ACGNNNNNNCTG
M.Ror24724II,AAGNNNNNNNNTRGG
M.Ror9164I,GGYANNNNNNTCG
S.Ror9164I,GGYANNNNNNTCG
M1.RorR1I,CCCNNNNNNTGAA
M2.RorR1I,CCCNNNNNNTGAA
S.RorR1I,CCCNNNNNNTGAA
M.RpaII,CTGCAG
M.RpaIII,GANTC
M.RpaIV,CTCGAG
RpaI,GTYGGAG
RpaBI,CCCGCAG
RpaB5I,CGRGGAC
RpaTI,GRTGGAG
M.Rpl12998I,CACNNNNNNCTTG
S.Rpl12998I,CACNNNNNNCTTG
M.Rpl429I,TTCANNNNNNTCG
S.Rpl429I,TTCANNNNNNTCG
M.Rpl430I,TTCANNNNNNTCG
S.Rpl430I,TTCANNNNNNTCG
M.RsaI,GTAC
RsaI,GTAC
M.RshI,CGATCG
RshI,CGATCG
M.Rsp008I,AGCNNNNNNNTGGA
S.Rsp008I,AGCNNNNNNNTGGA
M.RspPBTS1I,CTANNNNNNTAG
S.RspPBTS1I,CTANNNNNNTAG
M.RspPBTS2I,GCCANNNNNNTAC
S.RspPBTS2I,GCCANNNNNNTAC
M.RsrI,GAATTC
RsrI,GAATTC
M.Saf8902I,RAATTY
M.Saf8902II,GCWGC
Saf8902III,CAATNAG
M.Sag908I,GAGNNNNRTAA
S.Sag908I,GAGNNNNRTAA
M.SalI,GTCGAC
SalI,GTCGAC
M2.San11062I,CCCNNNNNRTC
M.Sau140I,CCAYNNNNNNTGT
S.Sau140I,CCAYNNNNNNTGT
M.Sau18749I,GGANNNNNNNTCG
S.Sau18749I,GGANNNNNNNTCG
M.Sau20231I,AGGNNNNNGAT
M.Sau20231II,CCAYNNNNNNTGT
S.Sau20231I,AGGNNNNNGAT
S.Sau20231II,CCAYNNNNNNTGT
M.Sau251I,GWAGNNNNNRTGA
M.Sau251II,GAAGNNNNNTAC
S.Sau251I,GWAGNNNNNRTGA
S.Sau251II,GAAGNNNNNTAC
M.Sau64038I,ACCNNNNNRTGA
S.Sau64038I,ACCNNNNNRTGA
M.Sau8532I,CCAYNNNNNNTGT
M.Sau8532II,AGGNNNNNGAT
S.Sau8532I,CCAYNNNNNNTGT
S.Sau8532II,AGGNNNNNGAT
M.Sau96I,GGNCC
Sau96I,GGNCC
M.SauJE2GII,CCAYNNNNNNTGT
S.SauJE2GII,CCAYNNNNNNTGT
M.SauJKDI,CAGNNNNNNTTC
M.SauJKDII,GGHANNNNNNNTCG
M.SauJKDIII,GAAGNNNNNTAC
S.SauJKDI,CAGNNNNNNTTC
S.SauJKDII,GGHANNNNNNNTCG
S.SauJKDIII,GAAGNNNNNTAC
M.SauMRSI,GGANNNNNNNTCG
M.SauMRSII,GWAGNNNNNGAT
S.SauMRSI,GGANNNNNNNTCG
S.SauMRSII,GWAGNNNNNGAT
M.SauMSSI,CCAYNNNNNNTGT
M.SauMSSII,CCAYNNNNNTTAA
S.SauMSSI,CCAYNNNNNNTGT
S.SauMSSII,CCAYNNNNNTTAA
M.SauMW2I,CCAYNNNNNTTAA
M.SauMW2II,CCAYNNNNNNTGT
S.SauMW2I,CCAYNNNNNTTAA
S.SauMW2II,CCAYNNNNNNTGT
M.SauN315I,AGGNNNNNGAT
M.SauN315II,CCAYNNNNNNGTA
S.SauN315I,AGGNNNNNGAT
S.SauN315II,CCAYNNNNNNGTA
SauN315I,AGGNNNNNGAT
SauNewI,SCNGS
M.SauSTI,ACCNNNNNRTGA
M.SauTCHI,CCAYNNNNNNTGT
M.SauTCHII,AGGNNNNNGAT
S.SauTCHI,CCAYNNNNNNTGT
S.SauTCHII,AGGNNNNNGAT
SauUSI,SCNGS
M.SbaI,CAGCTG
SbaI,CAGCTG
M.Sba3III,CYTANNNNNNTCC
S.Sba3III,CYTANNNNNNTCC
M.Sba460I,CAANNNNNNNCTGG
S.Sba460I,CAANNNNNNNCTGG
M.Sba678II,GATC
M.SbaCM001I,TGACC
M.SbaCM003I,TCANNNNNNNNTTC
S.SbaCM003I,TCANNNNNNNNTTC
M.SbaCM006I,CGANNNNNRTC
S.SbaCM006I,CGANNNNNRTC
M.SbaCM010I,CGANNNNNRTC
S.SbaCM010I,CGANNNNNRTC
M.SbaFS03PI,GGYANNNNNNTGA
S.SbaFS03PI,GGYANNNNNNTGA
M.SbaS31I,GAGNNNNNTAAA
S.SbaS31I,GAGNNNNNTAAA
M.SbaUDam,GATC
M.SbaUI,CAGAG
M.SbaUII,CAGCTG
M.SbaUIII,CCGANNNNNGTC
M.SbaUIV,ATGCAT
S.SbaUIII,CCGANNNNNGTC
M.Sbo12027I,GGANNNNNNCTTT
S.Sbo12027I,GGANNNNNNCTTT
M.Sbo12419Dam,GATC
M.Sbo12419I,CAGAG
M.Sbo12419II,ACANNNNNNRTGG
M.Sbo12419III,ATGCAT
S.Sbo12419II,ACANNNNNNRTGG
M.Sbo1247I,GGANNNNNNCTTT
S.Sbo1247I,GGANNNNNNCTTT
M.Sbo1621I,GTANNNNNNNNGTCY
S.Sbo1621I,GTANNNNNNNNGTCY
M.Sbo268I,CAGAG
M.Sbo268II,ATGCAT
M.Sbo2708I,RTCANNNNNNNNRTRTC
S.Sbo2708I,RTCANNNNNNNNRTRTC
M.Sbo35964I,RTCANNNNNNNNRTRTC
S.Sbo35964I,RTCANNNNNNNNRTRTC
M.Sbo59248I,GGANNNNNNCTTT
S.Sbo59248I,GGANNNNNNCTTT
M.Sbo83578I,GGANNNNNNCTTT
S.Sbo83578I,GGANNNNNNCTTT
M.Sbo8700I,GGANNNNNNCTTT
S.Sbo8700I,GGANNNNNNCTTT
M.Sbo9733I,RTCANNNNNNNNRTRTC
S.Sbo9733I,RTCANNNNNNNNRTRTC
M.Sbo9734I,RTCANNNNNNNNRTRTC
S.Sbo9734I,RTCANNNNNNNNRTRTC
M.Sbo9850I,GGANNNNNNCTTT
S.Sbo9850I,GGANNNNNNCTTT
M.SboSH135I,GGANNNNNNCTTT
S.SboSH135I,GGANNNNNNCTTT
M.SbrCR22I,CCAGNNNNNNGTNGT
S.SbrCR22I,CCAGNNNNNNGTNGT
I-ScaI,TGTCACATTGAGGTGCACTAGTTATTAC
M.ScaI,AGTACT
ScaI,AGTACT
M.Sca3403I,CAGNNNNNNRTGG
M.Sca3403II,CTGCAG
S.Sca3403I,CAGNNNNNNRTGG
M.Sca378I,GGHANNNNNNRTC
S.Sca378I,GGHANNNNNNRTC
F-SceI,GATGCTGTAGGCATAGGCTTGGTT
I-SceI,TAGGGATAACAGGGTAAT
I-SceII,TTTTGATTCTTTGGTCACCCTGAAGTATA
I-SceIII,ATTGGAGGTTTTGGTAACTATTTATTACC
I-SceVI,GTTATTTAATGTTTTAGTAGTTGG
PI-SceI,ATCTATGTCGGGTGCGGAGAAAGAGGTAATGAAATGG
M.Scr51100I,CGANNNNNNCTC
S.Scr51100I,CGANNNNNNCTC
M1.ScrFI,CCNGG
M2.ScrFI,CCNGG
ScrFI,CCNGG
M.SdaI,CCTGCAGG
SdaI,CCTGCAGG
Sde240I,GCNGC
M.SdeAIII,CATG
M.SdeAIV,GTMKAC
M.Sdy10954I,RTCANNNNNNNNRTRTC
S.Sdy10954I,RTCANNNNNNNNRTRTC
M.Sdy12037I,GGANNNNNNCTTT
S.Sdy12037I,GGANNNNNNCTTT
M.Sdy12039I,GTAANNNNNCTT
S.Sdy12039I,GTAANNNNNCTT
M.Sdy20496I,GGANNNNNNCTTT
S.Sdy20496I,GGANNNNNNCTTT
M.Sdy3162I,GGANNNNNNCTTT
S.Sdy3162I,GGANNNNNNCTTT
M.Sdy4522I,GGANNNNNNCTTT
S.Sdy4522I,GGANNNNNNCTTT
M.Sdy49345I,RTCANNNNNNNNRTRTC
S.Sdy49345I,RTCANNNNNNNNRTRTC
M.Sdy49346I,GGANNNNNNCTTT
S.Sdy49346I,GGANNNNNNCTTT
M.Sdy49347I,GGANNNNNNCTTT
S.Sdy49347I,GGANNNNNNCTTT
M.Sdy93119I,GGANNNNNNCTTT
S.Sdy93119I,GGANNNNNNCTTT
M.Sdy96265I,GGANNNNNNCTTT
S.Sdy96265I,GGANNNNNNCTTT
M.Sdy9751I,GGANNNNNNCTTT
S.Sdy9751I,GGANNNNNNCTTT
M.Sdy9752I,GGANNNNNNCTTT
S.Sdy9752I,GGANNNNNNCTTT
M.Sdy9753I,GGANNNNNNCTTT
S.Sdy9753I,GGANNNNNNCTTT
M.Sdy9754I,GGANNNNNNCTTT
S.Sdy9754I,GGANNNNNNCTTT
M.Sdy9764I,GGANNNNNNCTTT
S.Sdy9764I,GGANNNNNNCTTT
M.Sen00538I,GAGNNNNNNRTAYG
S.Sen00538I,GAGNNNNNNRTAYG
M.Sen038I,RAACNNNNNNNGTGG
S.Sen038I,RAACNNNNNNNGTGG
M.Sen0392II,GAGNNNNNNRTAYG
S.Sen0392II,GAGNNNNNNRTAYG
M.Sen0621III,GGYANNNNNNTCG
S.Sen0621III,GGYANNNNNNTCG
M.Sen0738I,AGANNNNNNNNCTGG
S.Sen0738I,AGANNNNNNNNCTGG
M.Sen10384Dam,GATC
M.Sen10384I,CAGAG
M.Sen10708I,CAGAG
M.Sen10720I,CAGAG
M.Sen10722II,TACNNNNNNNGTTC
S.Sen10722II,TACNNNNNNNGTTC
M.Sen10729II,CGAYNNNNNNNRTRTC
S.Sen10729II,CGAYNNNNNNNRTRTC
M.Sen11511I,GAANNNNNNNNTCGC
M.Sen11511II,CAGAG
S.Sen11511I,GAANNNNNNNNTCGC
M.Sen1175I,CCANNNNNNNNTGAG
M.Sen1175II,CAGAG
S.Sen1175I,CCANNNNNNNNTGAG
M.Sen11997I,CCANNNNNGRTG
M.Sen11997II,CAGAG
M.Sen12705II,GAGNNNNNNRTAYG
S.Sen12705II,GAGNNNNNNRTAYG
M.Sen13I,GAGNNNNNNRTAYG
S.Sen13I,GAGNNNNNNRTAYG
M.Sen13311II,GAGNNNNNNRTAYG
S.Sen13311II,GAGNNNNNNRTAYG
M.Sen1387Dcm,CCWGG
M.Sen1387I,CAGAG
M.Sen1387II,ATGCAT
M.Sen1427I,CAGAG
M.Sen1427II,GGYANNNNNNTCG
S.Sen1427II,GGYANNNNNNTCG
M.Sen1435I,GGYANNNNNNTCG
S.Sen1435I,GGYANNNNNNTCG
M.Sen14882I,GACNNNNNNNRTCC
M.Sen14882II,CAGAG
M.Sen14882III,ATGCAT
S.Sen14882I,GACNNNNNNNRTCC
M.Sen15791I,CAGAG
M.Sen15791II,GGYANNNNNNTCG
S.Sen15791II,GGYANNNNNNTCG
M.Sen158II,GGYANNNNNNTCG
S.Sen158II,GGYANNNNNNTCG
M.Sen16I,ATGCAT
M.Sen16II,CAGAG
M.Sen1605II,GGYANNNNNNTCG
S.Sen1605II,GGYANNNNNNTCG
M.Sen1607II,GGYANNNNNNTCG
S.Sen1607II,GGYANNNNNNTCG
M.Sen1655I,CAGAG
M.Sen1655II,GAANNNNNNNNTCGC
M.Sen1655III,ATGCAT
S.Sen1655II,GAANNNNNNNNTCGC
M.Sen1676I,CCANNNNNNNNTGAG
S.Sen1676I,CCANNNNNNNNTGAG
M.Sen1677I,CCANNNNNNNNTGAG
S.Sen1677I,CCANNNNNNNNTGAG
M.Sen1705II,GGYANNNNNNTCG
S.Sen1705II,GGYANNNNNNTCG
M.Sen1706II,GGYANNNNNNTCG
S.Sen1706II,GGYANNNNNNTCG
M.Sen1728I,CCANNNNNNNNTGAG
S.Sen1728I,CCANNNNNNNNTGAG
M.Sen1735II,CCANNNNNNNNTGAG
S.Sen1735II,CCANNNNNNNNTGAG
M.Sen1736I,CAGAG
M.Sen1736III,GAGNNNNNNRTAYG
M.Sen1736IV,ATGCAT
M.Sen1736V,GATC
S.Sen1736III,GAGNNNNNNRTAYG
Sen1736II,GATCAG
M.Sen1764I,CCANNNNNNNNTGAG
S.Sen1764I,CCANNNNNNNNTGAG
M.Sen1766II,CCANNNNNNNNTGAG
S.Sen1766II,CCANNNNNNNNTGAG
M.Sen1781II,CCANNNNNNNNTGAG
S.Sen1781II,CCANNNNNNNNTGAG
M.Sen1783II,CCANNNNNNNNTGAG
S.Sen1783II,CCANNNNNNNNTGAG
M.Sen18486II,GACNNNNNNNRTCC
S.Sen18486II,GACNNNNNNNRTCC
M.Sen18569I,GGYANNNNNNTCG
S.Sen18569I,GGYANNNNNNTCG
M.Sen18746II,GAGNNNNNNRTAYG
S.Sen18746II,GAGNNNNNNRTAYG
M.Sen1878II,GAGNNNNNNRTAYG
S.Sen1878II,GAGNNNNNNRTAYG
M.Sen1880II,GAGNNNNNNRTAYG
S.Sen1880II,GAGNNNNNNRTAYG
M.Sen1896II,GAGNNNNNNRTAYG
S.Sen1896II,GAGNNNNNNRTAYG
M.Sen1898II,GAGNNNNNNRTAYG
S.Sen1898II,GAGNNNNNNRTAYG
M.Sen1899II,GAGNNNNNNRTAYG
S.Sen1899II,GAGNNNNNNRTAYG
M.Sen1900I,CGAYNNNNNNNRTRTC
S.Sen1900I,CGAYNNNNNNNRTRTC
M.Sen1901I,CGAYNNNNNNNRTRTC
S.Sen1901I,CGAYNNNNNNNRTRTC
M.Sen1903II,CGAYNNNNNNNRTRTC
S.Sen1903II,CGAYNNNNNNNRTRTC
M.Sen1904I,CGAYNNNNNNNRTRTC
S.Sen1904I,CGAYNNNNNNNRTRTC
M.Sen1906II,GAGNNNNNNRTAYG
S.Sen1906II,GAGNNNNNNRTAYG
M.Sen1908II,GAGNNNNNNRTAYG
S.Sen1908II,GAGNNNNNNRTAYG
M.Sen1910II,GAGNNNNNNRTAYG
S.Sen1910II,GAGNNNNNNRTAYG
M.Sen1912I,CGAYNNNNNNNRTRTC
S.Sen1912I,CGAYNNNNNNNRTRTC
M.Sen1921I,CGAYNNNNNNNRTRTC
S.Sen1921I,CGAYNNNNNNNRTRTC
M.Sen195Dcm,CCWGG
M.Sen195I,CAGAG
M.Sen2009I,GAGNNNNNNRTAYG
S.Sen2009I,GAGNNNNNNRTAYG
M.Sen2050I,CAGAG
M.Sen2050II,ATGCAT
M.Sen2064I,GAGNNNNNNRTAYG
M.Sen2064II,CAGAG
M.Sen2064III,ATGCAT
S.Sen2064I,GAGNNNNNNRTAYG
M.Sen2069I,CAGAG
M.Sen2069II,GAGNNNNNNRTAYG
M.Sen2069III,ATGCAT
S.Sen2069II,GAGNNNNNNRTAYG
M.Sen21554II,GACNNNNNNNRTCC
S.Sen21554II,GACNNNNNNNRTCC
M.Sen2159III,GACNNNNNNNRTCC
S.Sen2159III,GACNNNNNNNRTCC
M.Sen22425II,GACNNNNNNNRTCC
S.Sen22425II,GACNNNNNNNRTCC
M.Sen23I,GAGNNNNNNRTAYG
S.Sen23I,GAGNNNNNNRTAYG
M.Sen2359II,GGYANNNNNNTCG
S.Sen2359II,GGYANNNNNNTCG
M.Sen2444II,GGYANNNNNNTCG
S.Sen2444II,GGYANNNNNNTCG
M.Sen255I,CAGAG
M.Sen2980II,GGYANNNNNNTCG
S.Sen2980II,GGYANNNNNNTCG
M.Sen31II,GAGNNNNNNRTAYG
S.Sen31II,GAGNNNNNNRTAYG
M.Sen312II,GAGNNNNNNRTAYG
S.Sen312II,GAGNNNNNNRTAYG
M.Sen3124I,CAGAG
M.Sen3124II,GACNNNNNNNRTCC
M.Sen3124III,GATC
S.Sen3124II,GACNNNNNNNRTCC
M.Sen313III,CACNNNNNNNRTANYC
S.Sen313III,CACNNNNNNNRTANYC
M.Sen315I,TAAGNNNNNTTC
M.Sen315II,CAGAG
S.Sen315I,TAAGNNNNNTTC
M.Sen318I,GAGNNNNNNRTAYG
M.Sen318II,CAGAG
M.Sen318III,ATGCAT
S.Sen318I,GAGNNNNNNRTAYG
M.Sen319II,GAGNNNNNNRTAYG
S.Sen319II,GAGNNNNNNRTAYG
M.Sen321II,GAGNNNNNNRTAYG
S.Sen321II,GAGNNNNNNRTAYG
M.Sen33541II,GGYANNNNNNTCG
S.Sen33541II,GGYANNNNNNTCG
M.Sen33543II,GGYANNNNNNTCG
S.Sen33543II,GGYANNNNNNTCG
M.Sen3387I,GAGNNNNNNNRTCC
S.Sen3387I,GAGNNNNNNNRTCC
M.Sen35I,GAGNNNNNNRTAYG
M.Sen35II,CAGAG
S.Sen35I,GAGNNNNNNRTAYG
M.Sen368II,GAANNNNNNNNTCGC
S.Sen368II,GAANNNNNNNNTCGC
M.Sen3861III,GGYANNNNNNTCG
S.Sen3861III,GGYANNNNNNTCG
M.Sen3890I,GACNNNNNNNRTCC
S.Sen3890I,GACNNNNNNNRTCC
M.Sen3991II,GGYANNNNNNTCG
S.Sen3991II,GGYANNNNNNTCG
M.Sen4173III,GAGNNNNNNRTAYG
S.Sen4173III,GAGNNNNNNRTAYG
M.Sen4174I,GAGNNNNNNRTAYG
S.Sen4174I,GAGNNNNNNRTAYG
M.Sen4175I,GAGNNNNNNRTAYG
S.Sen4175I,GAGNNNNNNRTAYG
M.Sen420II,TAAGNNNNNTTC
S.Sen420II,TAAGNNNNNTTC
M.Sen483II,CAGAG
M.Sen483III,ATGCAT
M1.Sen483I,CCCNNNNNRTAG
M2.Sen483I,CCCNNNNNRTAG
S.Sen483I,CCCNNNNNRTAG
M.Sen49284I,CAGAG
M.Sen51958II,CAGAG
M.Sen51960I,CTANNNNNNCTNG
S.Sen51960I,CTANNNNNNCTNG
M.Sen532II,GGYANNNNNNTCG
S.Sen532II,GGYANNNNNNTCG
M.Sen5742III,RAACNNNNNNNGTGG
S.Sen5742III,RAACNNNNNNNGTGG
M.Sen5793I,CAGAG
M.Sen5801III,CNGANNNNNNNNTGCG
S.Sen5801III,CNGANNNNNNNNTGCG
M.Sen6020III,AAAYNNNNNGTTC
S.Sen6020III,AAAYNNNNNGTTC
M.Sen624II,GAGNNNNNNRTAYG
S.Sen624II,GAGNNNNNNRTAYG
M.Sen6385III,GACNNNNNNNTGAC
S.Sen6385III,GACNNNNNNNTGAC
M.Sen639II,GGYANNNNNNTCG
S.Sen639II,GGYANNNNNNTCG
M.Sen64033II,GTANNNNNNNNGTTC
S.Sen64033II,GTANNNNNNNNGTTC
M.Sen64034II,AGCNNNNNCTTC
S.Sen64034II,AGCNNNNNCTTC
M.Sen641II,GGYANNNNNNTCG
S.Sen641II,GGYANNNNNNTCG
M.Sen69835III,CRTANNNNNNNGTCY
S.Sen69835III,CRTANNNNNNNGTCY
M.Sen70III,GGYANNNNNNTCG
S.Sen70III,GGYANNNNNNTCG
M.Sen708II,GGYANNNNNNTCG
S.Sen708II,GGYANNNNNNTCG
M.Sen7101III,RAACNNNNNTGA
S.Sen7101III,RAACNNNNNTGA
M.Sen7295I,CAGAG
M.Sen7306II,CCAANNNNNNTGA
S.Sen7306II,CCAANNNNNNTGA
M.Sen7346III,TGAGNNNNNTGA
S.Sen7346III,TGAGNNNNNTGA
M.Sen7349V,CTANNNNNNNNTGGC
S.Sen7349V,CTANNNNNNNNTGGC
M.Sen7378I,CAGAG
M.Sen7378II,ATGCAT
M.Sen76213I,CACNNNNNNNRTRTC
S.Sen76213I,CACNNNNNNNRTRTC
M.Sen76215I,CCANNNNNNNNTGAG
S.Sen76215I,CCANNNNNNNNTGAG
M.Sen7836I,GATANNNNNNTGA
S.Sen7836I,GATANNNNNNTGA
M.Sen8256I,CAGAG
M.Sen8267I,CAGNNNNNNTCAG
S.Sen8267I,CAGNNNNNNTCAG
M.Sen8391I,AGANNNNNNNNCTGG
S.Sen8391I,AGANNNNNNNNCTGG
M.Sen8692I,CAGAG
M.Sen8692III,ATGCAT
M1.Sen8692II,CCCNNNNNRTAG
M2.Sen8692II,CCCNNNNNRTAG
S.Sen8692II,CCCNNNNNRTAG
M.Sen954I,CGAYNNNNNNNRTRTC
S.Sen954I,CGAYNNNNNNNRTRTC
M.SenA242II,GAGNNNNNNRTAYG
S.SenA242II,GAGNNNNNNRTAYG
M1.SenA46II,CCCNNNNNRTAG
M2.SenA46II,CCCNNNNNRTAG
S.SenA46II,CCCNNNNNRTAG
M.SenAnaI,CCANNNNNNNNTGAG
S.SenAnaI,CCANNNNNNNNTGAG
M.SenAZDam,GATC
M.SenAZI,GGAGNNNNNGRT
M.SenAZII,CAGAG
M.SenAZIII,CTKMAG
S.SenAZI,GGAGNNNNNGRT
SenAZII,CAGAG
M.SenC1727I,CCANNNNNNNNTGAG
S.SenC1727I,CCANNNNNNNNTGAG
M.SenC1736I,CAGAG
M.SenC1736II,CCANNNNNNNNTGAG
M.SenC1736III,ATGCAT
S.SenC1736II,CCANNNNNNNNTGAG
M.SenC1765II,CCANNNNNNNNTGAG
S.SenC1765II,CCANNNNNNNNTGAG
M.SenC1808II,GAGNNNNNNRTAYG
S.SenC1808II,GAGNNNNNNRTAYG
M.SenC1810II,GAGNNNNNNRTAYG
S.SenC1810II,GAGNNNNNNRTAYG
M.SenC618III,GGYANNNNNNTCG
S.SenC618III,GGYANNNNNNTCG
M.SenC7304II,CCAANNNNNNTGC
S.SenC7304II,CCAANNNNNNTGC
M.SenC9854I,CAGAG
M.SenC9854III,ACANNNNNNNNTCGG
S.SenC9854III,ACANNNNNNNNTCGG
M.SenF54II,GAGNNNNNNRTAYG
S.SenF54II,GAGNNNNNNRTAYG
M.SenG9184Dam,GATC
M.SenG9184I,GGYANNNNNNTCG
S.SenG9184I,GGYANNNNNNTCG
M.SenJI,CAGAG
M.SenJII,GNNTAYNNNNNRTGG
M.SenJIII,ATGCAT
S.SenJII,GNNTAYNNNNNRTGG
M.SenK002I,GAYANNNNNNNNGTGG
S.SenK002I,GAYANNNNNNNNGTGG
M.SenK1674Dam,GATC
M.SenK1674I,CGAYNNNNNNNRTRTC
S.SenK1674I,CGAYNNNNNNNRTRTC
M.SenL1I,CCGANNNNNGTC
S.SenL1I,CCGANNNNNGTC
M.SenL15I,CCGANNNNNGTC
S.SenL15I,CCGANNNNNGTC
M.SenLG25II,GACNNNNNNRTTC
S.SenLG25II,GACNNNNNNRTTC
M.SenLG26II,GACNNNNNNRTTC
S.SenLG26II,GACNNNNNNRTTC
M.SenLT7I,CAGAG
SenLT7I,CAGAG
M.SenpCI,CCGCGG
SenpCI,CCGCGG
M.SenS317II,GAGNNNNNNRTAYG
S.SenS317II,GAGNNNNNNRTAYG
M.SenS320II,GAGNNNNNNRTAYG
S.SenS320II,GAGNNNNNNRTAYG
M.SenSPBI,CRTANNNNNNNNTCGC
M.SenSPBII,CAGAG
M.SenSPBIII,ATGCAT
S.SenSPBI,CRTANNNNNNNNTCGC
M.SenTFI,CAGAG
M.SenTFII,GAGNNNNNNRTAYG
M.SenTFIII,ATGCAT
S.SenTFII,GAGNNNNNNRTAYG
SenTFIV,GATCAG
M.SenWA15III,GAGNNNNNNRTAYG
S.SenWA15III,GAGNNNNNNRTAYG
M.SenWT5I,CTANNNNNNCTNG
S.SenWT5I,CTANNNNNNCTNG
M.SenWT7I,GAGNNNNNNRTAYG
S.SenWT7I,GAGNNNNNNRTAYG
M.SenWT8I,GTANNNNNNNNGTTC
S.SenWT8I,GTANNNNNNNNGTTC
M.SenWW012II,GAGNNNNNNRTAYG
S.SenWW012II,GAGNNNNNNRTAYG
M.Sep36I,CACNNNNNTGT
S.Sep36I,CACNNNNNTGT
M.Sep51475I,CACNNNNNTGT
S.Sep51475I,CACNNNNNTGT
M.Sep697I,CACNNNNNTGT
S.Sep697I,CACNNNNNTGT
M.Sep704I,ACGNNNNNNTRRG
S.Sep704I,ACGNNNNNNTRRG
M.Sep723I,GAAYNNNNNTGC
S.Sep723I,GAAYNNNNNTGC
M.Sep87I,CCAAAA
M.SepiBPH0662I,GAGNNNNNAAT
M.SepiBPH0662II,CAGNNNNATC
M.SepIRL01I,CNACNNNNRTTA
S.SepIRL01I,CNACNNNNRTTA
M.SepRPI,GAGNNNNNNNTAC
S.SepRPI,GAGNNNNNNNTAC
SfaNI,GCATC
M.SfcI,CTRYAG
SfcI,CTRYAG
M.SfeI,CTRYAG
SfeI,CTRYAG
M.Sfl1508I,GTANNNNNNNNGTCY
S.Sfl1508I,GTANNNNNNNNGTCY
M.Sfl29903I,GTANNNNNNNNGTCY
S.Sfl29903I,GTANNNNNNNNGTCY
M.Sfl3008I,GTANNNNNNNNGTCY
S.Sfl3008I,GTANNNNNNNNGTCY
M.Sfl3063I,GTANNNNNNNNGTCY
S.Sfl3063I,GTANNNNNNNNGTCY
M.Sfl3193I,GTANNNNNNNNGTCY
S.Sfl3193I,GTANNNNNNNNGTCY
M.Sfl394I,GTANNNNNNNNGTCY
S.Sfl394I,GTANNNNNNNNGTCY
M.Sfl43145I,GTANNNNNNNNGTCY
S.Sfl43145I,GTANNNNNNNNGTCY
M.Sfl614982Dam,GATC
M.Sfl614982I,GTANNNNNNNNGTCY
S.Sfl614982I,GTANNNNNNNNGTCY
M.Sfl670I,GTANNNNNNNNGTCY
S.Sfl670I,GTANNNNNNNNGTCY
M.Sfl735612I,GTANNNNNNNNGTCY
S.Sfl735612I,GTANNNNNNNNGTCY
M.Sfl74I,GTANNNNNNNNGTCY
S.Sfl74I,GTANNNNNNNNGTCY
M.Sfl741170I,GTANNNNNNNNGTCY
S.Sfl741170I,GTANNNNNNNNGTCY
M.Sfl89141I,GTANNNNNNNNGTCY
S.Sfl89141I,GTANNNNNNNNGTCY
M.Sfl9728Dam,GATC
M.Sfl9728I,GTANNNNNNNNGTCY
S.Sfl9728I,GTANNNNNNNNGTCY
M.Sfo411I,GCTANNNNNNCTT
S.Sfo411I,GCTANNNNNNCTT
M.Sfr10745III,GCCGGC
SgeI,CNNG
M.Sgl8271I,GNNCANNNNNNNNTCG
M.Sgl8271II,ATTAAT
S.Sgl8271I,GNNCANNNNNNNNTCG
M.Sgr13350I,GAGCTC
M1.Sgr13350II,GCCGGC
M2.Sgr13350III,GCTCTTC
Sgr13350I,GAGCTC
M.SgrAI,CRCCGGYG
M.SgrAIII,CAGNNNNNNCTTG
S.SgrAIII,CAGNNNNNNCTTG
SgrAI,CRCCGGYG
SgrTI,CCDS
M.Sho34847I,RAAGNNNNNNTATT
S.Sho34847I,RAAGNNNNNNTATT
M.Shy10350I,GGANNNNNRTTA
S.Shy10350I,GGANNNNNRTTA
M.SinI,GGWCC
SinI,GGWCC
M.Sin233I,CRTANNNNNNRTC
S.Sin233I,CRTANNNNNNRTC
M.Sli125I,CGANNNNNNNCTGG
S.Sli125I,CGANNNNNNNCTGG
M.SliSI,GATC
M.SliSII,CYTANNNNNNTTC
S.SliSII,CYTANNNNNNTTC
C.SmaI,ACTCATCGTCTGTCGACTTATAGT
M.SmaI,CCCGGG
M.SmaII,GATC
SmaI,CCCGGG
M.Sma0027I,CATNNNNNNNTCGG
M.Sma0027II,GTGAGG
S.Sma0027I,CATNNNNNNNTCGG
M.Sma121Dam,GATC
M.Sma121I,CATNNNNNNNTCGG
M.Sma121II,CTGCAG
S.Sma121I,CATNNNNNNNTCGG
M.Sma122I,CATNNNNNNNTCGG
S.Sma122I,CATNNNNNNNTCGG
M.Sma123Dam,GATC
M.Sma123I,CATNNNNNNNTCGG
M.Sma123II,CTGCAG
S.Sma123I,CATNNNNNNNTCGG
M.Sma124I,CATNNNNNNNTCGG
S.Sma124I,CATNNNNNNNTCGG
M.Sma131I,CATNNNNNNNTCGG
S.Sma131I,CATNNNNNNNTCGG
M.Sma332I,GAAGNNNNCTT
S.Sma332I,GAAGNNNNCTT
M.Sma36365I,AAGNNNNNGTTC
S.Sma36365I,AAGNNNNNGTTC
M.Sma65I,GATGNNNNNNTGG
S.Sma65I,GATGNNNNNNTGG
M.Sma92I,CYYANNNNNGTC
S.Sma92I,CYYANNNNNGTC
M.SmaAA1I,CAAHNNNNNNCTTC
S.SmaAA1I,CAAHNNNNNNCTTC
M.SmaF1I,CAYNNNNNNTCA
S.SmaF1I,CAYNNNNNNTCA
I-SmaMI,GGTATCCTCCATTATCAGGTGTACG
M.SmaUMH11Dam,GATC
M.SmaUMH12Dam,GATC
M.SmaUMH12I,GTAANNNNNNCTG
S.SmaUMH12I,GTAANNNNNNCTG
M.SmaUMH3I,CGCANNNNNCTG
S.SmaUMH3I,CGCANNNNNCTG
M.SmaUMH7I,ACTNNNNNNGCTG
S.SmaUMH7I,ACTNNNNNNGCTG
M.SmeI,GANTC
M.Smo310I,ATTYNNNNNCTC
S.Smo310I,ATTYNNNNNCTC
M.SmoLIII,ATTYNNNNNCTC
M.SmoLIV,CGWAG
M.SmoLV,GANTC
M.SmoLVI,TCTAGA
M1.SmoLII,GCAGT
M1.SmoLVII,GATC
M2.SmoLII,GCAGT
S.SmoLIII,ATTYNNNNNCTC
SmoLI,CCGG
SmoLII,GCAGT
M1.SmuUI,GATC
M2.SmuUI,GATC
M.Smy11118I,AAGANNNNNNNTAYNG
S.Smy11118I,AAGANNNNNNNTAYNG
M.Sna507I,CGCANNNNNNNTGCG
M.Sna507III,CGCANNNNNNNCTGC
S.Sna507III,CGCANNNNNNNCTGC
M.SnaBI,TACGTA
SnaBI,TACGTA
M.SneJS1I,AACANNNNNNGTA
S.SneJS1I,AACANNNNNNGTA
Sno506I,GGCCGAG
M.SonI,ATCGAT
M.SonII,TGAYNNNNNNTGAC
M.SonIII,GACNNNNTGC
M.SonIV,TACNNNNNNGTNGT
S.SonII,TGAYNNNNNNTGAC
S.SonIV,TACNNNNNNGTNGT
SonI,ATCGAT
M.Sor367I,TTAANNNNNNTAGY
S.Sor367I,TTAANNNNNNTAGY
M.SpaACT12I,GGCANNNNNCTC
S.SpaACT12I,GGCANNNNNCTC
M1.SpaD2II,GCCNNNNNNTCG
M2.SpaD2II,GCCNNNNNNTCG
S.SpaD2II,GCCNNNNNNTCG
M.SphI,GCATGC
SphI,GCATGC
M.Spn556I,TCTAGA
M.Spn6BI,TCTAGA
M.SpnD39IIIA,CRAANNNNNNNNCTG
M.SpnD39IIIB,CRAANNNNNNNNNTTC
M.SpnD39IIIC,CACNNNNNNNNTTC
M.SpnD39IIID,CACNNNNNNNCTG
SpnD39IIIA,CRAANNNNNNNNCTG
SpnD39IIIB,CRAANNNNNNNNNTTC
SpnD39IIIC,CACNNNNNNNCTT
SpnD39IIID,CACNNNNNNNCTG
SpoDI,GCGGRAG
M.SprPR11I,GGACNNNNNNCTCG
S.SprPR11I,GGACNNNNNNCTCG
M.SpsH46II,RAACNNNNNCGT
S.SpsH46II,RAACNNNNNCGT
M.SptADcm,CCWGG
M.SptAI,CAGCTG
M.SptAII,CAGAG
M.SptAIII,GAANNNNNNNNTCGC
S.SptAIII,GAANNNNNNNNTCGC
M.Spy123I,CRAANNNNNNNTGC
S.Spy123I,CRAANNNNNNNTGC
M.Spy149I,GCANNNNNNTTAA
S.Spy149I,GCANNNNNNTTAA
M.Spy322I,GCANNNNNNRTTG
S.Spy322I,GCANNNNNNRTTG
M.Spy360I,GCANNNNNNTTAA
S.Spy360I,GCANNNNNNTTAA
M.Spy488I,GCANNNNNNTTAA
S.Spy488I,GCANNNNNNTTAA
M.Spy5005I,GCANNNNNNTTAA
S.Spy5005I,GCANNNNNNTTAA
M.Spy743I,CRAANNNNNNNTGC
S.Spy743I,CRAANNNNNNNTGC
M.Spy8198I,GCANNNNNNTTAA
S.Spy8198I,GCANNNNNNTTAA
M.SpyJS12I,GAGNNNNNNRTTG
S.SpyJS12I,GAGNNNNNNRTTG
M.Sro43021I,GTGANNNNNRTCG
S.Sro43021I,GTGANNNNNRTCG
M.Ssa336I,GGANNNNNNTAG
S.Ssa336I,GGANNNNNNTAG
M.Ssa355I,ACGNNNNNNTTG
S.Ssa355I,ACGNNNNNNTTG
M.Ssa813I,GAGNNNNNGRTY
S.Ssa813I,GAGNNNNNGRTY
M.Ssc1360I,CTCC
M.Ssc285I,AASACC
M.SscL1I,GANTC
I-SscMI,AGGTACCCTTTAAACCTATTAA
M.Sse9I,AATT
Sse9I,AATT
M.Ssi124I,GNNGANNNNNNNTTRG
S.Ssi124I,GNNGANNNNNNNTTRG
M.Ssi383I,GNNGANNNNNNNTTRG
S.Ssi383I,GNNGANNNNNNNTTRG
M.SsmMI,CTAG
M.SsoI,GAATTC
M.SsoII,CCNGG
SsoI,GAATTC
SsoII,CCNGG
M.Sso29930Dam,GATC
M.Sso29930I,CTGCAG
M.Sso30807I,GGANNNNNNCTTT
S.Sso30807I,GGANNNNNNCTTT
M.SspI,AATATT
SspI,AATATT
M.Ssp10I,GNNTANNNNNNNRTCG
S.Ssp10I,GNNTANNNNNNNRTCG
M.Ssp192I,RAACNNNNNGTA
S.Ssp192I,RAACNNNNNGTA
M.Ssp39006I,GGYAYNNNNGTC
S.Ssp39006I,GGYAYNNNNGTC
M.Ssp431I,GCANNNNNNNTGC
M.Ssp53I,RAAAYNNNNNNNRTGG
S.Ssp53I,RAAAYNNNNNNNRTGG
M.Ssp592I,GACNNNNNNTAG
S.Ssp592I,GACNNNNNNTAG
I-Ssp6803I,GTCGGGCTCATAACCCGAA
Ssp6803IV,GAAGGC
M.Ssp6947I,GAGNNNNNNNRTCC
S.Ssp6947I,GAGNNNNNNNRTCC
M.Ssp714I,AAGNNNNNGTCC
S.Ssp714I,AAGNNNNNGTCC
M.SspCFMR7I,GACNNNNNCTAC
S.SspCFMR7I,GACNNNNNCTAC
M.SspG1I,CGGCCG
M.SspJOR1III,GGWCC
M.SspLM21I,GANTC
M.SspM41I,CRAANNNNNNCTC
M.SspM41II,GANTC
S.SspM41I,CRAANNNNNNCTC
M.SspMR4yII,CAGNNNNGTCG
S.SspMR4yII,CAGNNNNGTCG
M.SspR4I,GCCANNNNNCTT
S.SspR4I,GCCANNNNNCTT
M.SspRAC02I,CCACNNNNNTGA
S.SspRAC02I,CCACNNNNNTGA
M.SspRSPHI,TGANNNNNNNGTCC
S.SspRSPHI,TGANNNNNNNGTCC
M.SspS23I,CGANNNNNNTGA
S.SspS23I,CGANNNNNNTGA
M.SspWT4I,CTANNNNNNNRTCG
S.SspWT4I,CTANNNNNNNRTCG
M.SstE37II,GANTC
SstE37I,CGAAGAC
SstE37III,CTGAAG
M1.SstMg1I,GNNGAYNNNNNNNTGCT
M2.SstMg1I,GNNGAYNNNNNNNTGCT
S.SstMg1I,GNNGAYNNNNNNNTGCT
M.Ssu1028I,VTCATC
M1.Ssu11318I,GATC
M2.Ssu11318I,GATC
R1.Ssu11318I,GATC
R2.Ssu11318I,GATC
M.Ssu211I,GATC
Ssu211I,GATC
M.Ssu212I,GATC
Ssu212I,GATC
Ssu220I,GATC
M1.Ssu2479I,GATC
M2.Ssu2479I,GATC
R1.Ssu2479I,GATC
R2.Ssu2479I,GATC
M1.Ssu4109I,GATC
M2.Ssu4109I,GATC
R1.Ssu4109I,GATC
R2.Ssu4109I,GATC
M1.Ssu4961I,GATC
M2.Ssu4961I,GATC
R1.Ssu4961I,GATC
R2.Ssu4961I,GATC
M1.Ssu8074I,GATC
M2.Ssu8074I,GATC
R1.Ssu8074I,GATC
R2.Ssu8074I,GATC
M1.SsuDAT1I,GATC
M2.SsuDAT1I,GATC
R1.SsuDAT1I,GATC
R2.SsuDAT1I,GATC
M.SsuS89I,GCGATD
M.Sth20745I,TTAA
M.Sth20745II,TCANNNNNNNGTGC
S.Sth20745II,TCANNNNNNNGTGC
M.Sth301I,GCANNNNNNNTCG
S.Sth301I,GCANNNNNNNTCG
M.Sth368I,GATC
Sth368I,GATC
M.Sth6578I,GCANNNNNNGTC
M.Sth6578II,RAATTY
S.Sth6578I,GCANNNNNNGTC
M.Sth9I,GAAYNNNNNNTAYG
S.Sth9I,GAAYNNNNNNTAYG
M.SthSt3I,GATTNNNNNNTCG
S.SthSt3I,GATTNNNNNNTCG
M.StsI,GGATG
StsI,GGATG
StyI,CCWWGG
M.Sty13348II,GAGNNNNNNRTAYG
S.Sty13348II,GAGNNNNNNRTAYG
M.StyADam,GATC
M.StyD4I,CCNGG
StyD4I,CCNGG
M.StyLT2Dam,GATC
S.StySBI,GAGNNNNNNRTAYG
M.StySBLI,GGYANNNNNNTCG
StySBLI,GGTANNNNNNTCG
S.StySJI,GAGNNNNNNGTRC
M.StySKI,CGAYNNNNNNNGTTA
S.StySKI,CGAYNNNNNNNGTTA
StySKI,CGATNNNNNNNGTTA
M.StySPI,AACNNNNNNGTRC
S.StySPI,AACNNNNNNGTRC
S.StySQI,AACNNNNNNRTAYG
M.SuaI,GGCC
SuaI,GGCC
M.SurP32aI,TTACNNNNNRTTG
S.SurP32aI,TTACNNNNNRTTG
Sve396I,GCWGC
M.SwoADam,GATC
M.SwoAI,CACNNNNNNNNTTTC
M.SwoAII,GTCAGG
S.SwoAI,CACNNNNNNNNTTTC
M.Sxy10517I,CGANNNNNNNTAYG
S.Sxy10517I,CGANNNNNNNTAYG
M.Sxy121I,CACNNNNRTTG
S.Sxy121I,CACNNNNRTTG
M.TacI,TCANNNNNNNRTGT
M.TacII,GCWGC
M.TacIII,GGCCT
S.TacI,TCANNNNNNNRTGT
M.Tal28II,TAANNNNNNCTC
S.Tal28II,TAANNNNNNCTC
TaqII,GACCGA
M.TarMY3I,AGCT
M.TarMY3II,GATC
M.Tbr16975I,AGCNNNNNNGTGC
S.Tbr16975I,AGCNNNNNNGTGC
M.Tca7334I,GATANNNNNNTGC
M.Tca7334II,RAATTY
M.Tca7334III,GCCAT
S.Tca7334I,GATANNNNNNTGC
M.TcoKWC4I,GTATAC
M.TcoKWC4II,CCWGG
M.TcoKWC4III,GCWGC
M.TcoKWC4IV,CCANNNNNNCTC
M.TcoKWC4V,ATTAAT
S.TcoKWC4IV,CCANNNNNNCTC
M.TdeDI,GCAYNNNNNNCATC
S.TdeDI,GCAYNNNNNNCATC
F-TevI,GAAACACAAGAAATGTTTAGTAAA
F-TevII,TTTAATCCTCGCTTCAGATATGGCAACTG
I-TevI,AGTGGTATCAACGCTCAGTAGATG
I-TevII,GCTTATGAGTATGAAGTGAACACGTTATTC
I-TevIII,TATGTATCTTTTGCGTGTACCTTTAACTTC
M.TfiI,GAWTC
TfiI,GAWTC
TfiTok6A1I,TCGA
TflI,TCGA
PI-TfuI,TAGATTTTAGGTCGCTATATCCTTCC
PI-TfuII,TAYGCNGAYACNGACGGYTTYT
M.ThaI,CGCG
M.ThaII,GATC
M.ThaIII,GANTC
M.ThaIV,CATG
ThaI,CGCG
M.TliI,CTCGAG
M.TliII,GCAGG
TliI,CTCGAG
M.TmaI,CGCG
TmaI,CGCG
M.TmeBI,GATC
M.TmeBII,CCGG
M.TmeBIII,CGNNANNNNNNRTAY
M.TmeBIV,CGCC
S.TmeBIII,CGNNANNNNNNRTAY
M.TneDI,CGCG
TneDI,CGCG
M.TpaI,GATC
M.Tpa10741I,GAGNNNNNNGTTG
S.Tpa10741I,GAGNNNNNNGTTG
M.TpaRLI,TCGA
M.Tpe1534I,GARANNNNNNGTT
S.Tpe1534I,GARANNNNNNGTT
I-TslI,GTACATGGCGTGGGTGCATGATGAAATCCAAGTAGGTTGC
TsoI,TARCCA
M.Tsp2319I,GCNNNNNNNGC
Tsp32I,TCGA
M.Tsp45I,GTSAC
Tsp45I,GTSAC
M.Tsp509I,AATT
Tsp509I,AATT
M.Tsp61III,CACNNNNNRTGT
M.TspARh3II,GAGNNNNNNRTGT
S.TspARh3II,GAGNNNNNNRTGT
TspDTI,ATGAA
TspGWI,ACGGA
M.TspMI,CCCGGG
TspMI,CCCGGG
M.TspPM5II,CCANNNNNNNCTTC
S.TspPM5II,CCANNNNNNNCTTC
M.TspRI,CASTG
TspRI,CASTG
M.TspX514I,GATC
M.TspX514II,GGCAS
TstI,CACNNNNNNTCC
M.Tsu2489I,RAATTY
M.Tsu2489II,GTSAC
M.Tsu2489III,CCWGG
M.Tsu2489V,TTTAAA
M.TteMI,CACNNNNNNNTGC
S.TteMI,CACNNNNNNNTGC
Tth111I,GACNNNGTC
Tth111II,CAARCA
TthHB27I,CAARCA
M.TthHB8I,TCGA
TthHB8I,TCGA
M.TvoDam,GATC
M.TvoI,CATG
UbaLAI,CCWGG
M.Van425I,TGANNNNNNNNTTGG
S.Van425I,TGANNNNNNNNTTGG
M.VbaBS8I,AAAYNNNNNCCT
S.VbaBS8I,AAAYNNNNNCCT
M.Vca640I,TTAANNNNNNGTG
S1.Vca640I,TTAANNNNNNGTG
S2.Vca640I,TTAANNNNNNGTG
M.Vch2176I,AAGNNNNNNCATC
S.Vch2176I,AAGNNNNNNCATC
M.Vch223I,AAGNNNNNNCATC
S.Vch223I,AAGNNNNNNCATC
M.Vch2740I,AAGNNNNNNCATC
S.Vch2740I,AAGNNNNNNCATC
M.VchAI,RCCGGY
M.VchE4I,AAGNNNNNNCATC
S.VchE4I,AAGNNNNNNCATC
M.VchO395Dam,GATC
M.VchO395I,RCCGGY
M.Vco1Dam,GATC
M.Vco58Dam,GATC
M.Vco58I,GAYAYNNNNNTGG
S.Vco58I,GAYAYNNNNNTGG
M.VcoRE98Dam,GATC
M.VcoRE98I,RTCANNNNNNCTG
S.VcoRE98I,RTCANNNNNNCTG
I-Vdi141I,CCTGACTCTCTTAAGGTAGCCAAA
M.Vdi96Dam,GATC
M.Vdi96I,ACAYNNNNRTAG
S.Vdi96I,ACAYNNNNRTAG
M1.Vfl33809I,GCCNNNNNCTAA
M2.Vfl33809I,GCCNNNNNCTAA
S.Vfl33809I,GCCNNNNNCTAA
M.Vga43942I,GNAANNNNNNNNTGGG
S.Vga43942I,GNAANNNNNNNNTGGG
M.Vna03Dam,GATC
M.Vna16374Dam,GATC
M.Vna16374I,TTAGNNNNNNCTTG
M.Vna16374II,CCACCG
S.Vna16374I,TTAGNNNNNNCTTG
M.Vpa10329SDam,GATC
M.Vpa10329SI,GCAGNNNNNAAT
S.Vpa10329SI,GCAGNNNNNAAT
M.Vpa17802Dam,GATC
M.Vpa17802I,CGANNNNNNNGTAG
S.Vpa17802I,CGANNNNNNNGTAG
M.Vpa191I,CRTANNNNNNNNCTTG
S.Vpa191I,CRTANNNNNNNNCTTG
M.Vpa2008I,GGCANNNNNNTTA
M.Vpa2008II,GNAATC
S.Vpa2008I,GGCANNNNNNTTA
M.VspI,ATTAAT
M.Vtu19109Dam,GATC
Vtu19109I,CACRAYC
M.Vvu36I,GGHANNNNNNNNGTCG
S.Vvu36I,GGHANNNNNNNNGTCG
M.Vvu61306I,CAAANNNNNNGTCY
S.Vvu61306I,CAAANNNNNNGTCY
M.VvuCMCP6I,GGANNNNNNNNNTGGC
S.VvuCMCP6I,GGANNNNNNNNNTGGC
M.VvuEnv1I,CCAYNNNNGTC
S.VvuEnv1I,CCAYNNNNGTC
M.WspJ142I,GTAANNNNNRTAG
S.WspJ142I,GTAANNNNNRTAG
M.XamI,GTCGAC
XamI,GTCGAC
M.Xax8raI,CAGNNNNNNNNTCTY
S.Xax8raI,CAGNNNNNNNNTCTY
M.XbaI,TCTAGA
XbaI,TCTAGA
M.XbaD13I,CCAYNNNNNNNNTAG
S.XbaD13I,CCAYNNNNNNNNTAG
M.Xci122I,CAGNNNNNNNNTCTY
S.Xci122I,CAGNNNNNNNNTCTY
XcmI,CCANNNNNNNNNTGG
M.XcyI,CCCGGG
XcyI,CCCGGG
M.XfaTI,TTCGAA
M.XhoI,CTCGAG
XhoI,CTCGAG
M.XmaI,CCCGGG
M.XmnI,GAANNNNTTC
XmnI,GAANNNNTTC
M.XorII,CGATCG
M.Xor105II,TGGCCA
M.Xor7342I,CAANNNNNNNNTGGA
M.Xor7342II,ACANNNNNNNNNTGCT
S.Xor7342I,CAANNNNNNNNTGGA
S.Xor7342II,ACANNNNNNNNNTGCT
M.XorKI,CGATCG
M.XorKII,CTGCAG
XorKI,CGATCG
XorKII,CTGCAG
M.XphI,CTGCAG
XphI,CTGCAG
M.XveII,CCCGGG
M.Yal67083Dam,GATC
M.Yal67083I,CTAANNNNNNGTTY
S.Yal67083I,CTAANNNNNNGTTY
M.Yen2516Dam,GATC
M.Yen2516I,GCGCGC
M.YenWI,CTGCAG
M.Yfr418I,CACNNNNNNNTTYG
S.Yfr418I,CACNNNNNNNTTYG
M.Yin358I,CGANNNNNNRTAG
S.Yin358I,CGANNNNNNRTAG
M.YinY228I,CTGCAG
M.YinY228II,CCGAG
YkrI,C
M.YpeDam,GATC
M.YpeI,CCWGG
M.YpsDam,GATC
M.YpsADam,GATC
M.YpsPBI,TGACNNNNNCTC
S.YpsPBI,TGACNNNNNCTC
M.YpsYPI,CRAANNNNNNCTC
S.YpsYPI,CRAANNNNNNCTC
M.YroYRADam,GATC
M.Ysp228I,CGANNNNNNRTAG
S.Ysp228I,CGANNNNNNRTAG
M.ZalSM2I,GAGNNNNNNNTTCC
M.ZalSM2II,CCWGG
S.ZalSM2I,GAGNNNNNNNTTCC
M.ZmoI,CAGNNNNCTG
M.ZmoII,GAAGNNNNNNNTCC
M.ZmoIII,GANTC
S.ZmoI,CAGNNNNCTG
S.ZmoII,GAAGNNNNNNNTCC
M.Zmo29192I,ACANNNNNNRTGG
M.Zmo29192II,GATATC
M.Zmo29192III,GANTC
S.Zmo29192I,ACANNNNNNRTGG
M.ZmoCP4I,GANTC
