aati,AGGCCT
aatii,GACGTC
aba7804ii,GNGCAAC
abaai,C
abab8342iv,CATTAG
ababgi,C
abaci,C
abadi,C
abahi,C
abasi,C
abati,C
abaui,C
abaumb2i,YCCGSS
abri,CTCGAG
abr4036ii,GRTYGACC
abr4039ii,TGGCCA
acapi,C
acci,GTMKAC
accii,CGCG
acciii,TCCGGA
accix,GACRAC
accviii,CTGAAG
accx,GGARCA
acc65i,GGTACC
acc65v,GACGCA
acha6iii,AGCCAG
acii,CCGC
acli,AACGTT
aco12261ii,CCRGAG
acoy31ii,TAGCRAB
afa22mi,CGATCG
aflii,CTTAAG
afliii,ACRYGT
agei,ACCGGT
ahdi,GACNNNNNGTC
ahyrbahi,GCYYGAC
ahyyl17i,YAAMGAG
ala17612i,GCWGC
aloi,GAACNNNNNNTCC
alui,AGCT
alw26i,GTCTC
aod1i,GATCNAC
aor13hi,TCCGGA
apai,GGGCCC
apeki,GCWGC
apli,CTGCAG
apoi,RAATTY
apypi,ATCGAC
aqui,CYCGRG
aquii,GCCGNAC
aquiii,GAGGAG
aquiv,GRGGAAG
asci,GGCGCGCC
asei,ATTAAT
asl11923ii,GGGABCC
asp103i,CGRAGGC
asp114pii,AGCABCC
asp337i,CARABGG
aspbhi,YSCNS
aspbhii,RGGWCCY
aspdut2v,GNGCAAC
aspjhl3ii,CGCCCAG
aspnih4iii,AAGAACB
aspslv7iii,GTCTCA
asptb23i,GCWGC
asu14238iv,CGTRAC
ateti,GGGRAG
avai,CYCGRG
avaii,GGWCC
avaiii,ATGCAT
awo1030iv,GCCRAG
baei,ACNNNNGTAYC
bag18758i,CCCGAG
bali,TGGCCA
bamfi,GGATCC
bamhi,GGATCC
ban4602i,GACGAG
banli,RTCAGG
bau1417v,GTTCAG
bau1419ii,ACRGAG
bbidi,C
bbr02i,GATC
bbr09i,RGATCY
bbr11i,GGRCAG
bbr215i,GGCGAG
bbr215ii,GAGGAC
bbr51i,GGCGAG
bbr52i,RGATCY
bbr52ii,GGCGAG
bbr57ii,GAGGAC
bbr57iii,GTRAAYG
bbr7017ii,CGGGAG
bbr7017iii,GGRCAG
bbruii,GTCGAC
bbruiii,CTGCAG
r1.bbrui,GGCGCC
bbub31i,GNAAYG
bbub31ii,CGRKA
bbunrzi,CGRKA
bbvi,GCAGC
bbvcia,CCTCAGC
bbvcib,CCTCAGC
bce1273i,GCNGC
bce3081i,TAGGAG
bce95i,GCNGC
bceli,GCNGC
bcesii,GGWCC
bcesiii,ACGGC
bcesiv,GCAGC
bceyi,GCNGC
bcgi,CGANNNNNNTGC
bcli,TGATCA
bcni,CCSGG
bcodi,GTCTC
bfaia,CTAG
bfaib,CTAG
bfasii,GANGGAG
bfii,ACTGGG
bfuai,ACCTGC
bfuaii,GCATGC
bfuci,GATC
bgli,GCCNNNNNGGC
bglii,AGATCT
bhai,GCATC
bhaii,GGCC
bisi,GCNGC
bkram31di,RTTAAATM
ble401ii,GRAGCAG
ble402ii,GRAGCAG
bli1904ii,GCNGC
blo11817i,GAGGAC
blo11818i,GAGGAC
bloaii,GAGGAC
bmedi,C
bmri,ACTGGG
bmti,GCTAGC
bpeh640i,AAGCTT
bpmi,CTGGAG
bpu10ia,CCTNAGC
bpu10ib,CCTNAGC
bpuji,CCCGT
bsai,GGTCTC
bsaai,YACGTR
bsahi,GRCGYC
bsaji,CCNNGG
bsawi,WCCGGW
bsbi,CAACAC
bscxi,GCAGGC
bscxii,GATC
bse634i,RCCGGY
bsemii,CTCAG
bseyia,CCCAGC
bseyib,CCCAGC
bsgi,GTGCAG
bslia,CCNNNNNNNGG
bslib,CCNNNNNNNGG
bsmi,GAATGC
bsmai,GTCTC
bsmbi,CGTCTC
bsmfi,GGGAC
bsp3004iv,CCGCAT
bsp460iii,CGCGCAG
bsp6i,GCNGC
bsp98i,GGATCC
bspcni,CTCAG
bspd6ia,GAGTC
bspd6ib,GAGTC
bspei,TCCGGA
bsphi,TCATGA
bsplu11iii,GGGAC
bspnci,CCAGA
bspri,GGCC
bsri,ACTGG
bsrdia,GCAATG
bsrdib,GCAATG
bsrfi,RCCGGY
bstfi,AAGCTT
bstvi,CTCGAG
bstxi,CCANNNNNNTGG
bstxii,GATC
bstyi,RGATCY
bstz1ii,AAGCTT
bsu36i,CCTNAGG
bsu3610i,GACGAG
bsu7003i,GACGAG
bsubi,CTGCAG
bsufi,CCGG
bsujpci,GACGAG
r1.bsumi,CTCGAG
r2.bsumi,CTCGAG
r3.bsumi,CTCGAG
bsupy79i,GACGAG
bsuri,GGCC
btgzi,GCGATG
bth171i,GCNGC
bth571i,GCAGT
btsia,GCAGTG
btsib,GCAGTG
btsci,GGATG
bve1b23i,GACNNNNNTGG
cac824i,GCNGC
cagi,GCCNNNNNGGC
cal14237i,GGTTAG
calb3ii,GRTTRAG
cathi,CTCTTC
cba13ii,AGGAAT
cba16038i,CCTNAYNC
cba4g11iii,CACGAG
cbei,GGCC
cbo1632i,GCRGAAG
cbo67071iv,GCRGAAG
cbob305ii,CTGGAG
cbudi,GCNGC
ccap7iv,GATAAT
ccap7v,CRAAAAR
ccei,CCGG
cce743i,GACGC
cce743ii,CCWGG
cchi,CTAG
cchii,GGARGA
cchiii,CCCAAG
cch7528iii,GNGAAAY
cco104627ii,GGGTDA
cco14983iii,GAGNNNNNRTG
cco14983v,GGGTDA
cco14983vi,GCYGA
cco280iii,GAGNNNNNRTG
cco280iv,GGGTDA
cco54106iii,GAGNNNNNRTG
cco9557iv,CAAGAA
cco9557v,GGGTDA
ccoli,GATC
ccomi,CAGCAG
ccrnaiii,CGACCAG
cdi11397i,GCGCAG
cdi1678i,GCGGAG
cdi197ii,GCGGAG
cdi7838ii,GCGGAG
cdi81iii,GCMGAAG
cdpi,GCGGAG
cdu23823ii,GTGAAG
cfr10i,RCCGGY
cfr42i,CCGCGG
cfr9i,CCCGGG
cfrbi,CCWWGG
cfrci,C
cfrmh13ii,AGCANCC
cfrmh15iv,GACATC
cfrmh16vi,CTAAAG
cfupf3ii,GARCAG
cgli,GCSGC
cgl13032i,GGCGCA
cgl13032ii,ACGABGG
cjei,CCANNNNNNGT
cje10983iii,GKAAYG
cje10983iv,CCYGA
cje10983v,CAANNNNNNNTGG
cje11168dii,GAGNNNNNGT
cje11168div,GKAAYG
cje11168dv,CCYGA
cje12109iv,GAGNNNNNRTG
cje12109v,GKAAGC
cje12109vi,CTRGAG
cje13261iii,GKAAGC
cje262iii,CCYGA
cje263ii,CCYGA
cje263iii,GKAAYG
cje263iv,GAGNNNNNGT
cje265ii,CCANNNNNNGT
cje265v,GKAAGC
cje32488ii,GKAAGC
cje54107iii,GKAAYC
cjefiii,GCAAGG
cjefv,GGRCA
cjef38011iii,GAGNNNNNRTG
cjef38011iv,GKAAYC
cjeiaiii,GAGNNNNNRTG
cjenii,GAGNNNNNGT
cjeniii,GKAAYG
cjenv,CCYGA
cjeyh002ii,CCYGA
cjeyh002iii,GKAAYG
cjeyh002iv,GAGNNNNNGT
cku11138ii,CATCAG
clai,ATCGAT
cla11845iii,GCGAA
cly7489ii,AAAAGRG
cmalm2ii,GCNGC
cpaai,CGCG
cpe13170ii,GTTGNAG
cpe2837iii,GRNACAYT
cphbi,CCCGGG
cre7908i,GCGGGA
csp2014ia,GGAGGC
csp2014ib,GGAGGC
csp2014ic,GGAGGC
csp231i,AAGCTT
csp68ki,GGWCC
csp68kii,TTCGAA
csp68kiii,ATGCAT
csp68kvi,CGCG
cstmi,AAGGAG
cul7910i,GCGGGA
cul8639i,GCGGGA
cviai,GATC
cviaii,CATG
cviji,RGCY
cviqi,GTAC
ddei,CTNAG
dde51507i,CCWGG
ddsi,GGATCC
dfapa1iii,TACGAG
dor12838iii,CTGGAG
dpi3069i,GACAG
dpi3084i,CGRAG
dpi3090ii,AAGRAG
dpi3250i,TACGA
dpi3256ii,TGKMCA
dpi3911i,CGRAG
dpni,GATC
dpnii,GATC
drai,TTTAAA
drari,CAAGNAC
drdi,GACNNNNNNGTC
drdiv,TACGAC
drdv,CATGNAC
drdvi,GCAGCC
dsav,CCNGG
dsp20i,GCWGC
dvuiii,CACNCAC
eaci,GGATC
eagi,CGGCCG
ebanih1ii,CTGAAG
ebanih3i,CTGAAG
ecl18ki,CCNGG
ecl234i,CGGNAAG
ecl35734i,GAAAYTC
ecl388i,CGGNAAG
ecoviii,AAGCTT
eco0162ii,ATGAAG
eco0398ii,GAAABCC
eco1130ii,GAAABCC
eco128i,CCWGG
eco1524i,AGGCCT
eco2149ii,GAAABCC
eco2159ii,GAAABCC
eco293ii,GAAABCC
eco29ki,CCGCGG
eco31i,GGTCTC
eco3384ii,GAAABCC
eco4276ii,GAAABCC
eco43896ii,CRARCAG
eco4465ii,GAAABCC
eco47ia,GGWCC
eco47ib,GGWCC
eco47i,GGWCC
eco47ii,GGNCC
eco57i,CTGAAG
eco644i,GAAABCC
eco8368ii,GAAABCC
eco9234ii,GAAABCC
eco9272i,CTGAAG
eco9276ii,CRARCAG
eco9280i,CRARCAG
eco933ii,GAAABCC
eco95nr1ii,CRARCAG
eco9699ii,TAGARC
ecobe25ii,CTTGAC
ecoblmcrx,RCSRC
ecoe1140i,ACCYAC
ecogiii,CTGCAG
ecohk31i,YGGCCR
ecomvii,CANCATC
ecoo109i,RGGNCCY
ecoo157si,C
ecopt54i,GAAABCC
ecori,GAATTC
ecorii,CCWGG
ecorv,GATATC
ecot38i,GRGCYC
eli8509ii,CCGGAG
elmi,GCNGC
erhg4t10i,CGANNNNNNTC
erhse38i,CGANNNNNNTC
esammi,C
esani,C
esassi,GACCAC
esawc1i,GGCC
esp1396i,CCANNNNNTGG
esp3i,CGTCTC
esp3007i,CAGAAG
esp638i,GCNGC
espci,ACCTGC
exi27195i,GCCGAC
fba202z8ii,AGAAGG
fco1691iv,GCVGAG
fla104114ii,CCRGAG
fnudi,GGCC
foki,GGATG
fph2801i,GAGNNNNNRTG
fpsji,CCGG
fsei,GGCCGGCC
fspi,TGCGCA
fsp4hi,GCNGC
fspei,CC
fsppk15i,GARGAAG
fssi,GGWCC
fsy5di,TGGCCA
ftnuiv,GATC
ftnuv,GAAACA
gaut27i,CGCGCAGG
gba708ii,ATGCAC
gsp29i,GRGCRAC
haeii,RGCGCY
haeiii,GGCC
haeiv,GAYNNNNNRTC
hauii,TGGCCA
hbaii,GCCCAG
hdeny26i,CGANNNNNNTCC
hdeza17i,GCANNNNNNTCC
hgibi,GGWCC
hgici,GGYRCC
hgicii,GGWCC
hgidi,GRCGYC
hgidii,GTCGAC
hgiei,GGWCC
hgigi,GRCGYC
hhai,GCGC
hhaii,GANTC
hin4ii,CCTTC
hincii,GTYRAC
hindii,GTYRAC
hindiii,AAGCTT
hinfi,GANTC
hinp1i,GCGC
hpai,GTTAAC
hpaii,CCGG
hphi,GGTGA
hpy12823xiii,GAAAAG
hpy188i,TCNGA
hpy298xii,GAAAG
hpy299ix,CCGG
hpy299xiv,GAAAG
hpy30xi,CCATC
hpy30xiii,AGGAG
hpy300viii,AGGAG
hpy300xi,CCTYNA
hpy303i,GTAC
hpy312i,GTAC
hpy401i,GTAC
hpy421i,GTAC
hpy423i,GTAC
hpy471i,GTAC
hpy501i,GTAC
hpy51i,GTSAC
hpy8i,GTNNAC
hpy87ai,GANTC
hpy99i,CGWCG
hpy99ii,GTSAC
hpy99iii,GCGC
hpy99iv,CCNNGG
hpy99xiii,GCCTA
hpy99xiv,GGWTAA
hpy99xiv-mut1,GGWCNA
hpy99xxii,CYANNNNNNTGA
hpyaii,GAAGA
hpyaiii,GATC
hpyaiv,GANTC
hpyav,CCTTC
hpyaxiv,GCGTA
hpyaxvi-mut1,CRTTAA
hpyaxvi-mut2,CRTCNA
hpyaxviiia,GGANNAG
hpyaxviiib,GGANNAG
hpych4i,CATG
hpych4v,TGCA
hpyfxvi,GCRGA
hpyf17i,TCNGA
hpygi,TCNNGA
hpygii,TGCA
hpyg272xv,GAAAAG
hpyhi,CTNAG
hpyhii,GTAC
hpyh1xii,GCRCA
hpynsh57i,GTAC
hpynsh57ii,TCNNGA
hpys300xiii,GCCTA
hpys300xiv,CYANNNNNNTGA
hpyum032xiv,GAAAG
hpyum037xiii,GAAAG
hsoi,GCGC
hsoii,CAYNNNNNRTG
hso63250ii,CGANNNNNRTAY
hso63250iva,AACNNNNNGTT
hso63250ivb,AACNNNNNGTT
hso63255i,CGANNNNNRTAY
hso63368i,CGANNNNNRTAY
hso63368iia,AACNNNNNGTT
hso63368iib,AACNNNNNGTT
hso63369ii,CGANNNNNRTAY
hso63370ii,CGANNNNNRTAY
hso63373iii,CGANNNNNRTAY
hso63374ii,CGANNNNNRTAY
hspmhr1ii,GAGCAGC
jma19592i,GTATNAC
jma19592ii,GRGCRAC
jsp2502ii,GRNGAAT
kasi,GGCGCC
kox11355i,GCCRAG
kox11356i,GCCRAG
kpni,GGTACC
kpn156v,CRTGATT
kpn2i,TCCGGA
kpn2ki,CCNGG
kpn327i,GACATC
kpn39795iii,CANCATC
kpn9178i,GNGCGAG
kpn9644ii,GRACRAC
kpn9793i,GCYAAG
kpnnh25iii,CTRGAG
kpnnih30iii,GTTCNAC
kro7512ii,ARCAGKC
lba2029iii,CYAAANG
lbr124ii,CATCNAC
lbr449i,AGCCAG
lcrjm3i,GRTAAAT
lcrjm3ii,GMAGG
lde4408ii,ACAAAG
lfurb21i,AAGGAG
ljo11533iia,GGAGG
ljo11533iib,GGAGG
llaai,GATC
llabi,CTRYAG
llaci,AAGCTT
lladi,AGTACT
lladii,GCNGC
lladchi,GATC
llag50i,CCGTKA
llakr2i,GATC
llami,CCNGG
lmo11238i,TAGRAG
lmo11aii,TAGRAG
lmo23459ii,TAGRAG
lmo370i,AGCGCCG
lmo540i,TAGRAG
lmo6905i,TAGRAG
lmo6907ii,TAGRAG
lpl1004ii,AGGRAG
lpl116iii,CAGRAG
lpl520i,AGCCAG
lplk25i,AGGRAG
lpn12272i,GCNCAAC
lpn12273i,GCNCAAC
lra68i,GTTCNAG
lrh13710iii,CAGRAG
lrh13764iii,CAGRAG
lsads4i,TGGAAT
lsam18i,GCWGC
lsp1109i,GCAGC
lsp48iii,AGCACC
lsp6406vi,CRAGCAC
lvesmr4riv,CTCGCC
mae7806sli,AAGGAG
maf25iia,CACGCAG
maf25iib,CACGCAG
maf25iic,CACGCAG
maf25iid,CACGCAG
mami,GATNNNNATC
maqi,CRTTGAC
mba11i,AGGCGA
mbar4i,GCWGC
mboi,GATC
mboii,GAAGA
mboiii,GGARCA
mbo26iia,CACGCAG
mbo26iib,CACGCAG
mbo30ii,CACGCAG
mcaci,CCATC
mcati,GCGCGC
mch946ii,WCGATCT
mchcm4i,GAGGAG
mha185iii,CTGAAG
mha187iii,CTGAAG
mha2286ii,CTGAAG
mhygdl1iii,GATC
mjai,CTAG
mjaii,GGNCC
mjaiii,GATC
mjaiv,GTNNAC
mjav,GTAC
mlui,ACGCGT
mlu211iii,AGCCCA
mmei,TCCRAC
mmeii,GATC
mmycvi,CCATC
mnli,CCTC
mpracelvii,GATCAG
msci,TGGCCA
msei,TTAA
mspi,CCGG
mspa1i,CMGCKG
mspak21i,GCWGC
mspi7ii,ACGRAG
mspi7iv,GCMGAAG
mspji,CNNR
mspsc27ii,CCGCGAC
mte37i,C
mthti,GGCC
mthzi,CTAG
mtu1007iii,CACGCAG
mtu1008iii,CACGCAG
mtu1009iii,CACGCAG
mtu12961ii,CACGCAG
mtu1451iii,CACGCAG
mtu1452iii,CACGCAG
mtu1453iii,CACGCAG
mtu1454iii,CACGCAG
mtu1456ii,CACGCAG
mtu1457iii,CACGCAG
mtu1459iii,CACGCAG
mtu1460iii,CACGCAG
mtu18ii,CACGCAG
mtu22115i,CACGCAG
mtu2242ii,CACGCAG
mtu2279iia,CACGCAG
mtu2279iib,CACGCAG
mtu2279iic,CACGCAG
mtu26105i,CACGCAG
mtu37004i,CACGCAG
mtu445ii,CACGCAG
mtu446ii,CACGCAG
mtu447iii,CACGCAG
mtu448ii,CACGCAG
mtubliia,CACGCAG
mtubliib,CACGCAG
mtuhn878ii,CACGCAG
muni,CAATTG
mvai,CCWGG
mva1269i,GAATGC
mva1312ii,GCATC
mwoi,GCNNNNNNNGC
naei,GCCGGC
nan12227i,CCANNNNNNTCY
nar7i,CTGRAG
nbr128ii,ACCGAC
ncii,CCSGG
ncoi,CCATGG
ncui,GAAGA
nflhi,GCGGAG
nflhii,CCGG
ngoai,RGCGCY
ngoaii,GGCC
ngoaiii,CCGCGG
ngoaiv,GCCGGC
ngoavi,GATC
ngoavii,GCCGC
ngoaviii,GACNNNNNTGA
ngoaxvi,GGTGA
ngobi,RGCGCY
ngobv,GGNNCC
ngobviii,GGTGA
ngofvii,GCSGC
ngomi,RGCGCY
ngomiii,CCGCGG
ngomiv,GCCGGC
ngomv,GGNNCC
ngomviii,GGTGA
ngopii,GGCC
ngosii,GGCC
nhaxi,CAAGRAG
nhei,GCTAGC
nhoi,GCWGC
nlaiv,GGNNCC
nlaci,CATCAC
nmeaii,GATC
nmeaiii,GCCGAG
nmebi,GACGC
nmebl859i,GATC
nmedi,RCCGGY
nmesi,AGTACT
npeus61ii,GATCGAC
nsojs138i,CAGCTG
nspi,RCATGY
nspiii,CYCGRG
nspv,TTCGAA
nsphi,RCATGY
obabs10i,ACGAG
ogri,CAACNAC
osphl35iii,YAGGAG
pabi,GTAC
paci,TTAATTAA
paciii,GTAATC
pac19842ii,CCTTGA
pac25i,CCCGGG
pae95ii,GATCGAG
paeps50i,GCNNGC
paer7i,CTCGAG
pal408i,CCRTGAG
pam7686i,CCATGG
pam7902i,GCNNGC
pan13i,GCWGC
patti,C
pba2294ia,GTAAG
pba2294ib,GTAAG
pcaii,GACGAG
pcii,ACATGT
pcoi,GAACNNNNNNTCC
pdi8503iii,CCGGNAG
pdu1735i,CACCAC
peni,GCAGT
pfl10783ii,GCGTCAG
pfl8569i,GCNNGC
pflpt14i,RGCCCAC
pfrci,C
pfrjs12iv,TANAAG
pfrjs12v,GGCGGAG
pfrjs12aiv,TANAAG
pfrjs12av,GGCGGAG
pfrjs15iii,CTTCNAC
pfrjs15aiii,CTTCNAC
pfrjs2iv,CTTCNAC
pfrjs23ii,CTTCNAC
pfruf1ii,CTTCNAC
pgap128iv,GGCGAG
pgap129v,GGCGAG
pgap73ii,CGCRGAC
pgap73iii,TTCGAG
phoi,GGCC
pin17fiii,GGYGAB
pin2734v,GAAGAA
pinp10iii,ACACAG
pinp23ii,CTRKCAG
pinp30iv,ACACAG
pinp42ii,CTRKCAG
pinp57iii,ACACAG
pinp59iii,GAAGNAG
pinp88iii,CGCRGAC
pladi,CATCAG
plimi,CGCCGAC
pluti,GGCGCC
pmei,GTTTAAAC
pmeii,GGWCC
pme5ii,GACGAG
pmes132i,GACGAG
pmli,CACGTG
ppehi,C
ppii,GAACNNNNNCTC
ppip13ii,CGCRGAC
ppip36ii,CTRKCAG
pps170i,GCWGC
pre82i,CCGCAG
pru4541i,GCWGC
pru8113i,CAGANGC
pse18267i,RCCGAAG
psp0357ii,GCGAAG
psp10hii,GRAGCAG
pspgi,CCWGG
pspomi,GGGCCC
pspomii,CGCCCAR
psppi,GGNCC
psppri,CCYCAG
pst14472i,CNYACAC
pst145i,CTAMRAG
pst273i,GATCGAG
psugi,BBCGD
pvui,CGATCG
pvurts1i,C
pxyi,C
ran11014iv,GAAAGAG
rba2021i,CACGAGH
rcei,CATCGAC
rde10918i,ACCCAG
rdegbi,CCGCAG
rdegbii,ACCCAG
rdegbiii,TGRYCA
rder2i,GCNGC
rfl17i,GCNGC
rflfi,GTCGAC
rflfiii,CGCCAG
rlai,VCW
rlaii,ACACAG
rmu369iii,GGCYAC
ror431iii,CTRGAG
rpai,GTYGGAG
rpabi,CCCGCAG
rpab5i,CGRGGAC
rpati,GRTGGAG
rrhj1i,GCCGGC
rsai,GTAC
rshi,CGATCG
rsp008iv,ACGCAG
rsp008v,GCCCAT
rsp241i,CGATCG
rsp531ii,CACACG
rsppbts2iii,CTTCGAG
rsprsi,GCCNNNNNGGC
rsri,GAATTC
rtr1953i,TGANNNNNNTGA
saf8902iii,CAATNAG
sag13949i,GCAAAT
sag8187i,GCAAAT
sag901i,GCAAAT
sali,GTCGAC
sau13142iii,YACNNNNNTGG
sau13616iii,YACNNNNNTGG
sau1803iii,CGANNNNNNTAC
sau64037iv,GTANNNNNNTGG
sau7988iii,CGANNNNNNTAC
sau9555iii,CGANNNNNNTAC
sau96i,GGNCC
sbai,CAGCTG
sba460ii,GGNGAYG
sbo46i,TGAAC
scai,AGTACT
scods2iia,GCTAAT
scods2iib,GCTAAT
scods2iic,GCTAAT
scrfi,CCNGG
sdai,CCTGCAGG
sde240i,GCNGC
sdeai,CAGRAG
sdeaii,CCWGG
sdeosi,GACNNNNRTGA
sdy5370i,CACNNNNNTCY
sdy7136i,GAGNNNNNTAA
selpi,CCWGG
sen0392iv,GATCAG
sen10080v,CTTGAC
sen13iii,GATCAG
sen13311iii,GATCAG
sen13348iii,GATCAG
sen1736ii,GATCAG
sen17963iii,CCAAAC
sen1878iv,GATCAG
sen1880iv,GATCAG
sen1896iv,GATCAG
sen1898iv,GATCAG
sen1906iv,GATCAG
sen1908iv,GATCAG
sen1910iv,GATCAG
sen23iv,ATGAAG
sen31iii,GATCAG
sen373iii,CANCATC
sen4840ii,ACGAACB
sen6480iv,GTTCAT
sen870ii,GATCAG
sen9787iii,ACRCAG
sena1673iii,GNGGCAG
sena242iii,GATCAG
senc1808iii,GATCAG
senc1810iv,GATCAG
senpci,CCGCGG
sensara26iii,ACRCAG
sentfiv,GATCAG
senww012iii,GATCAG
seq11824i,CTANNNNNCTC
sfani,GCATC
sfci,CTRYAG
sfei,CTRYAG
sgei,CNNG
sghwii,GCCGGC
sgr13350i,GAGCTC
sgr13350iii,GCTCTTC
sgrai,CRCCGGYG
sgrti,CCDS
sini,GGWCC
smai,CCCGGG
sma10259ii,CAAAGA
sma10498iiia,ARCCCT
sma10498iiib,ARCCCT
sma325ia,ARCCCT
sma325ib,ARCCCT
smaumh5i,CTTGAC
smaumh8i,GCGAACB
smoli,CCGG
smolii,GCAGT
sna507viii,CRTTGAG
snabi,TACGTA
sno506i,GGCCGAG
soni,ATCGAT
sor11427iia,TCGAG
sor11427iib,TCGAG
spe19205iv,GGACY
sphi,GCATGC
splrp8i,CCCAAG
spn13276iiia,TCGAG
spn13276iiib,TCGAG
spn23fi,GATC
spn7466iva,TCGAG
spn7466ivb,TCGAG
spnriia,TCGAG
spnriib,TCGAG
spodi,GCGGRAG
sqii,GCWGC
sru10848i,TGGCCA
sse9i,AATT
ssoi,GAATTC
ssoii,CCNGG
sspi,AATATT
ssp6714iv,GCGGRAG
ssp6803iv,GAAGGC
ssp714ii,CGCAGCG
sspp33ii,GGGAC
sste37i,CGAAGAC
sste37iii,CTGAAG
r1.ssu11318i,GATC
r2.ssu11318i,GATC
ssu211i,GATC
ssu212i,GATC
ssu220i,GATC
r1.ssu2479i,GATC
r2.ssu2479i,GATC
r1.ssu4109i,GATC
r2.ssu4109i,GATC
r1.ssu4961i,GATC
r2.ssu4961i,GATC
r1.ssu8074i,GATC
r2.ssu8074i,GATC
r1.ssudat1i,GATC
r2.ssudat1i,GATC
sth20745iii,GGACGAC
sth368i,GATC
sthcs8ii,CAGAG
sthst3ii,GAAGT
stsi,GGATG
styi,CCWWGG
styd4i,CCNGG
suai,GGCC
surp32aii,ACRGAG
sve396i,GCWGC
tagi,ACGT
taqii,GACCGA
tdei,GATC
tdeii,CTCTTC
tdeiii,GGNCC
tfii,GAWTC
tfitok6a1i,TCGA
tfli,TCGA
thai,CGCG
tkoi,GTGAAG
tkoii,TTCAAG
tlii,CTCGAG
tmai,CGCG
tnei,GCWGC
tnedi,CGCG
tpytp2i,ACCAAG
tsoi,TARCCA
tsp32i,TCGA
tsp45i,GTSAC
tsp509i,AATT
tsparh3i,GRACGAC
tspdti,ATGAA
tspgwi,ACGGA
tspmi,CCCGGG
tspri,CASTG
tsti,CACNNNNNNTCC
tth111i,GACNNNGTC
tth111ii,CAARCA
tthhb27i,CAARCA
tthhb8i,TCGA
tvu2hi,GGCC
ubalai,CCWGG
upap162i,CATG
van425ii,CCKAAG
van91ii,GAATTC
van9116i,CCKAAG
varfi,GCNGC
vdi96ii,GNCYTAG
vga43942ii,CCANNNNNCTC
vha43516ii,GCYYGAC
vtu19109i,CACRAYC
vvuenv1ii,CCGCAG
wvii,CACRAG
wvi11634i,CACRAG
xami,GTCGAC
xbai,TCTAGA
xca85iv,TACGAG
xcmi,CCANNNNNNNNNTGG
xcyi,CCCGGG
xhoi,CTCGAG
xmaiii,CGGCCG
xmni,GAANNNNTTC
xorki,CGATCG
xorkii,CTGCAG
xphi,CTGCAG
xsp91ii,CGACCAG
xvei,CTGCAG
ykri,C
yps3606i,CGGAAG
