aani,TTATAA
aari,CACCTGCNNNNNNNN
aatii,GACGTC
aba1056ii,CACRAC
aba13301i,GCAAAC
abab8342iv,CATTAG
abapba3ii,CAYGAC
abaumb2i,YCCGSS
abr4036ii,GRTYGACC
absi,CCTCGAGG
acci,GTMKAC
accii,CGCG
acciii,TCCGGA
accix,GACRAC
accx,GGARCA
acc16i,TGCGCA
acc36i,ACCTGCNNNNNNNN
acc65i,GGTACC
acc65v,GACGCA
accb1i,GGYRCC
accb7i,CCANNNNNTGG
accbsi,CCGCTC
aceiii,CAGCTCNNNNNNNNNNN
acha6iii,AGCCAG
acii,CCGC
acli,AACGTT
aclwi,GGATCNNNNN
acoi,YGGCCR
aco12261ii,CCRGAG
acoy31ii,TAGCRAB
acsi,RAATTY
acui,CTGAAGNNNNNNNNNNNNNNNN
acvi,CACGTG
acyi,GRCGYC
adei,CACNNNGTG
afei,AGCGCT
afii,CCNNNNNNNGG
aflii,CTTAAG
afliii,ACRYGT
agei,ACCGGT
agsi,TTSAA
ahaiii,TTTAAA
ahdi,GACNNNNNGTC
ahli,ACTAGT
ahyrbahi,GCYYGAC
ahyyl17i,YAAMGAG
ajii,CACGTC
ajni,CCWGG
ajui,GAANNNNNNNTTGGNNNNNNNNNNN
ajui,CCAANNNNNNNTTCNNNNNNNNNNNN
alei,CACNNNNGTG
alfi,GCANNNNNNTGCNNNNNNNNNNNN
aloi,GAACNNNNNNTCCNNNNNNNNNNNN
aloi,GGANNNNNNGTTCNNNNNNNNNNNN
alui,AGCT
alubi,AGCT
alwi,GGATCNNNNN
alw21i,GWGCWC
alw26i,GTCTCNNNNN
alw44i,GTGCAC
alwfi,GAAAYNNNNNRTG
alwni,CAGNNNCTG
ama87i,CYCGRG
amacsi,GCTCCANNNNNNNNNNN
aod1i,GATCNAC
aor13hi,TCCGGA
aoxi,GGCC
apai,GGGCCC
apabi,GCANNNNNTGC
apali,GTGCAC
apeki,GCWGC
apoi,RAATTY
apypi,ATCGACNNNNNNNNNNNNNNNNNNNN
aquii,GCCGNACNNNNNNNNNNNNNNNNNNNN
aquiii,GAGGAGNNNNNNNNNNNNNNNNNNNN
aquiv,GRGGAAGNNNNNNNNNNNNNNNNNNN
arsi,GACNNNNNNTTYGNNNNNNNNNNN
arsi,CRAANNNNNNGTCNNNNNNNNNNNNN
asci,GGCGCGCC
asei,ATTAAT
asi256i,GATC
asigi,ACCGGT
asisi,GCGATCGC
asl11923ii,GGGABCC
asp103i,CGRAGGC
asp337i,CARABGG
asp718i,GGTACC
aspa2i,CCTAGG
aspamdiv,ACCCAC
aspbhi,YSCNSNNNNNNNNNNNN
aspdut2v,GNGCAAC
aspei,GACNNNNNGTC
aspjhl3ii,CGCCCAG
asplei,GCGC
aspnih4iii,AAGAACB
asps9i,GGNCC
aspslv7iii,GTCTCA
asp114pii,AGCABCC
asui,GGNCC
asuii,TTCGAA
asu14238iv,CGTRAC
asuc2i,CCSGG
asuhpi,GGTGANNNNNNNN
asunhi,GCTAGC
ateti,GGGRAG
avai,CYCGRG
avaii,GGWCC
avaiii,ATGCAT
aviii,TGCGCA
avi249i,CTGCA
avrii,CCTAGG
awo1030iv,GCCRAG
axyi,CCTNAGG
baei,ACNNNNGTAYCNNNNNNNNNNNN
baei,GRTACNNNNGTNNNNNNNNNNNNNNN
baegi,GKGCMC
bag18758i,CCCGAG
bali,TGGCCA
bamhi,GGATCC
bani,GGYRCC
banii,GRGCYC
banli,RTCAGG
bari,GAAGNNNNNNTACNNNNNNNNNNNN
bari,GTANNNNNNCTTCNNNNNNNNNNNN
baui,CACGAG
bau1417v,GTTCAG
bbr52ii,GGCGAG
bbr57iii,GTRAAYG
bbr7017ii,CGGGAG
bbr7017iii,GGRCAG
bbrpi,CACGTG
bbsi,GAAGACNNNNNN
bbub31i,GNAAYG
bbub31ii,CGRKA
bbvi,GCAGCNNNNNNNNNNNN
bbvii,GAAGACNNNNNN
bbv12i,GWGCWC
bbvci,CCTCAGC
bcci,CCATCNNNNN
bce83i,CTTGAGNNNNNNNNNNNNNNNN
bce3081i,TAGGAG
bce10661iii,TATCNAG
bceai,ACGGCNNNNNNNNNNNNNN
bcesiv,GCAGCNNNNNNNNNNN
bcesiv,GCTGCNNNNNNN
bcefi,ACGGCNNNNNNNNNNNNN
bcgi,CGANNNNNNTGCNNNNNNNNNNNN
bcgi,GCANNNNNNTCGNNNNNNNNNNNN
bcivi,GTATCCNNNNNN
bcli,TGATCA
bcni,CCSGG
bco11035iii,GAAGCY
bcodi,GTCTCNNNNN
bcui,ACTAGT
bdai,TGANNNNNNTCANNNNNNNNNNNN
beti,WCCGGW
bfai,CTAG
bfasii,GANGGAG
bfii,ACTGGGNNNNN
bfmi,CTRYAG
bfri,CTTAAG
bfui,GTATCCNNNNNN
bfuai,ACCTGCNNNNNNNN
bgli,GCCNNNNNGGC
bglii,AGATCT
bhe175ii,GCCCNA
bini,GGATCNNNNN
bisi,GCNGC
bkram31di,RTTAAATM
ble402ii,GRAGCAG
blni,CCTAGG
bloaii,GAGGAC
blpi,GCTNAGC
bmcai,AGTACT
bme18i,GGWCC
bme1390i,CCNGG
bmedi,CNN
bmeri,GACNNNNNGTC
bmgi,GKGCCC
bmgbi,CACGTC
bmii,GGNNCC
bmri,ACTGGGNNNNN
bmrfi,CCNGG
bmti,GCTAGC
bmui,ACTGGGNNNNN
bmyi,GDGCHC
boxi,GACNNNNGTC
bpii,GAAGACNNNNNN
bpli,GAGNNNNNCTCNNNNNNNNNNNNN
bpmi,CTGGAGNNNNNNNNNNNNNNNN
bps6700iii,TACCNAG
bpu10i,CCTNAGC
bpu14i,TTCGAA
bpu1102i,GCTNAGC
bpuei,CTTGAGNNNNNNNNNNNNNNNN
bpumi,CCSGG
bsai,GGTCTCNNNNN
bsa29i,ATCGAT
bsaai,YACGTR
bsabi,GATNNNNATC
bsahi,GRCGYC
bsaji,CCNNGG
bsami,GAATGCN
bsawi,WCCGGW
bsaxi,ACNNNNNCTCCNNNNNNNNNN
bsaxi,GGAGNNNNNGTNNNNNNNNNNNN
bsbi,CAACACNNNNNNNNNNNNNNNNNNNNN
bsc4i,CCNNNNNNNGG
bscai,GCATCNNNNNN
bscgi,CCCGT
bscxi,GCAGGC
bse1i,ACTGGN
bse8i,GATNNNNATC
bse21i,CCTNAGG
bse118i,RCCGGY
bseai,TCCGGA
bsebi,CCWGG
bseci,ATCGAT
bsedi,CCNNGG
bse3di,GCAATGNN
bsegi,GGATGNN
bseji,GATNNNNATC
bseli,CCNNNNNNNGG
bsemi,GCAATGNN
bsemii,CTCAGNNNNNNNNNN
bseni,ACTGGN
bsepi,GCGCGC
bseri,GAGGAGNNNNNNNNNN
bsesi,GKGCMC
bsexi,GCAGCNNNNNNNNNNNN
bsex3i,CGGCCG
bseyi,CCCAGC
bsgi,GTGCAGNNNNNNNNNNNNNNNN
bsh1236i,CGCG
bsh1285i,CGRYCG
bshfi,GGCC
bshni,GGYRCC
bshti,ACCGGT
bshvi,ATCGAT
bsii,CACGAG
bsiei,CGRYCG
bsihkai,GWGCWC
bsihkci,CYCGRG
bsisi,CCGG
bsiwi,CGTACG
bsiyi,CCNNNNNNNGG
bsli,CCNNNNNNNGG
bslfi,GGGACNNNNNNNNNNNNNN
bsmi,GAATGCN
bsmai,GTCTCNNNNN
bsmbi,CGTCTCNNNNN
bsmfi,GGGACNNNNNNNNNNNNNN
bsni,GGCC
bso31i,GGTCTCNNNNN
bsobi,CYCGRG
bsp13i,TCCGGA
bsp19i,CCATGG
bsp24i,GACNNNNNNTGGNNNNNNNNNNNN
bsp24i,CCANNNNNNGTCNNNNNNNNNNNNN
bsp68i,TCGCGA
bsp119i,TTCGAA
bsp120i,GGGCCC
bsp143i,GATC
bsp460iii,CGCGCAG
bsp1286i,GDGCHC
bsp1407i,TGTACA
bsp1720i,GCTNAGC
bsp3004iv,CCGCAT
bspaci,CCGC
bspcni,CTCAGNNNNNNNNN
bspdi,ATCGAT
bspd6i,GAGTCNNNNNN
bspei,TCCGGA
bspfni,CGCG
bspgi,CTGGAC
bsphi,TCATGA
bspli,GGNNCC
bsplu11i,ACATGT
bspmi,ACCTGCNNNNNNNN
bspmii,TCCGGA
bspnci,CCAGA
bspoi,GCTAGC
bsppi,GGATCNNNNN
bspqi,GCTCTTCNNNN
bspti,CTTAAG
bsri,ACTGGN
bsrbi,CCGCTC
bsrdi,GCAATGNN
bsrfi,RCCGGY
bsrgi,TGTACA
bssai,RCCGGY
bsseci,CCNNGG
bsshii,GCGCGC
bssmi,GATC
bssni,GRCGYC
bssnai,GTATAC
bsssi,CACGAG
bsst1i,CCWWGG
bst6i,CTCTTCNNNN
bst98i,CTTAAG
bst1107i,GTATAC
bstaci,GRCGYC
bstafi,CTTAAG
bstapi,GCANNNNNTGC
bstaui,TGTACA
bstbi,TTCGAA
bst2bi,CACGAG
bstbai,YACGTR
bst4ci,ACNGT
bstc8i,GCNNGC
bstdei,CTNAG
bstdsi,CCRYGG
bsteii,GGTNACC
bsteni,CCTNNNNNAGG
bstf5i,GGATGNN
bstfni,CGCG
bsth2i,RGCGCY
bsthhi,GCGC
bstkti,GATC
bstmai,GTCTCNNNNN
bstmbi,GATC
bstmci,CGRYCG
bstmwi,GCNNNNNNNGC
bstni,CCWGG
bstnsi,RCATGY
bstpai,GACNNNNGTC
bstsci,CCNGG
bstsfi,CTRYAG
bstsli,GKGCMC
bstsni,TACGTA
bstui,CGCG
bst2ui,CCWGG
bstv1i,GCAGCNNNNNNNNNNNN
bstv2i,GAAGACNNNNNN
bstxi,CCANNNNNNTGG
bstx2i,RGATCY
bstyi,RGATCY
bstz17i,GTATAC
bsui,GTATCCNNNNNN
bsu15i,ATCGAT
bsu36i,CCTNAGG
bsuri,GGCC
btgi,CCRYGG
btgzi,GCGATGNNNNNNNNNNNNNN
bthci,GCNGC
btri,CACGTC
btsi,GCAGTGNN
btsimuti,CAGTGNN
btsci,GGATGNN
btumi,TCGCGA
bvei,ACCTGCNNNNNNNN
bve1b23i,GACNNNNNTGG
cac8i,GCNNGC
caii,CAGNNNCTG
cal14237i,GGTTAG
calb3ii,GRTTRAG
cauii,CCSGG
cba13ii,AGGAAT
cba16038i,CCTNAYNC
cbo67071iv,GCRGAAG
ccap7v,CRAAAAR
cchii,GGARGANNNNNNNNNNN
cchiii,CCCAAGNNNNNNNNNNNNNNNNNNNN
cch467iii,GNGAAAY
ccii,TCATGA
ccini,GCGGCCGC
cco11366vi,GAAGAA
cco11437v,CAYNNNNNRTAG
cco14983v,GGGTDA
cco14983vi,GCYGA
ccrnaiii,CGACCAG
cdii,CATCG
cdi11397i,GCGCAG
cdi13746v,RGAAAGR
cdi13750iii,CCGATCC
cdpi,GCGGAGNNNNNNNNNNNNNNNNNNNN
cdu23823ii,GTGAAG
celii,GCTNAGC
cfa8380i,GRGGAY
cfoi,GCGC
cfri,YGGCCR
cfr9i,CCCGGG
cfr10i,RCCGGY
cfr13i,GGNCC
cfr42i,CCGCGG
cfrmh13ii,AGCANCC
cfrmh16vi,CTAAAG
cfupf3ii,GARCAG
cgl13032i,GGCGCA
cgl13032ii,ACGABGG
chai,GATC
cin11811i,TGKMCA
cjei,CCANNNNNNGTNNNNNNNNNNNNNNN
cjei,ACNNNNNNTGGNNNNNNNNNNNNNN
cje265v,GKAAGC
cje54107iii,GKAAYC
cjefiii,GCAAGG
cjefv,GGRCA
cjenii,GAGNNNNNGT
cjeniii,GKAAYGNNNNNNNNNNNNNNNNNNN
cjenv,CCYGA
cjepi,CCANNNNNNNTCNNNNNNNNNNNNNN
cjepi,GANNNNNNNTGGNNNNNNNNNNNNN
cjep659iv,CACNNNNNNNGAA
cjui,CAYNNNNNRTG
cjuii,CAYNNNNNCTC
cko11077iv,TGACAG
clai,ATCGAT
cla11845iii,GCGAA
cly7489ii,AAAAGRG
cpe2837iii,GRNACAYT
cpe10578v,GANGAGY
cpe13170ii,GTTGNAG
cpoi,CGGWCCG
cre7908i,GCGGGA
csa9238ii,CAAANTC
csei,GACGCNNNNNNNNNN
csp6i,GTAC
csp2014i,GGAGGC
cspai,ACCGGT
cspbp25iii,CCANNNNNRTGA
cspci,CAANNNNNGTGGNNNNNNNNNNNN
cspci,CCACNNNNNTTGNNNNNNNNNNNNN
cspl61i,TYGAYCT
cspx1ii,ACCCCA
cstmi,AAGGAGNNNNNNNNNNNNNNNNNNNN
cviaii,CATG
cviji,RGCY
cviki-1,RGCY
cviqi,GTAC
cviri,TGCA
ddei,CTNAG
dde51507i,CCWGG
dini,GGCGCC
dpi3069i,GACAG
dpi3084i,CGRAG
dpi3090ii,AAGRAG
dpni,GATC
dpnii,GATC
drai,TTTAAA
draii,RGGNCCY
draiii,CACNNNGTG
drari,CAAGNACNNNNNNNNNNNNNNNNNNNN
drdi,GACNNNNNNGTC
drdii,GAACCA
drdiv,TACGACNNNNNNNNNNNNNNNNNNNN
drdv,CATGNACNNNNNNNNNN
drdvi,GCAGCC
drdviii,ARGAGC
drii,GACNNNNNGTC
dsai,CCRYGG
dsedi,GACNNNNNNGTC
dsps02ii,TGCCGAC
dvuiii,CACNCAC
eaei,YGGCCR
eagi,CGGCCG
eam1104i,CTCTTCNNNN
eam1105i,GACNNNNNGTC
eari,CTCTTCNNNN
ecii,GGCGGANNNNNNNNNNN
ecl136ii,GAGCTC
ecl234i,CGGNAAG
ecl35734i,GAAAYTC
eclxi,CGGCCG
eco24i,GRGCYC
eco31i,GGTCTCNNNNN
eco32i,GATATC
eco47i,GGWCC
eco47iii,AGCGCT
eco52i,CGGCCG
eco57i,CTGAAGNNNNNNNNNNNNNNNN
eco72i,CACGTG
eco81i,CCTNAGG
eco88i,CYCGRG
eco91i,GGTNACC
eco105i,TACGTA
eco130i,CCWWGG
eco147i,AGGCCT
eco1836i,CACANTT
eco4174i,GCACAG
eco4465ii,GAAABCC
eco8164i,GCCKAG
eco9009ii,GAAANTC
eco9020i,CGAABTT
eco9035i,GGGANTT
eco9699ii,TAGARC
eco43896ii,CRARCAG
ecoblmcrx,RCSRC
ecoe1140i,ACCYAC
ecohi,CCSGG
ecoicri,GAGCTC
eco57mi,CTGRAGNNNNNNNNNNNNNNNN
ecomvii,CANCATC
econi,CCTNNNNNAGG
ecoo109i,RGGNCCY
ecoo157si,CNNNNNNNNNNNNNN
ecori,GAATTC
ecorii,CCWGG
ecorv,GATATC
ecot38i,GRGCYC
eco53ki,GAGCTC
egei,GGCGCC
ehei,GGCGCC
ehi46392i,CCCNNAG
eli8509ii,CCGGAG
erhi,CCWWGG
erhg4t10i,CGANNNNNNTC
esabc3i,TCGA
esassi,GACCAC
espi,GCTNAGC
esp3i,CGTCTCNNNNN
esp3007i,CAGAAG
faei,CATG
faii,YATR
fali,AAGNNNNNCTTNNNNNNNNNNNNN
faqi,GGGACNNNNNNNNNNNNNN
fati,CATG
faui,CCCGCNNNNNN
faundi,CATATG
fba202z8ii,AGAAGG
fbli,GTMKAC
fco1691iv,GCVGAG
fini,GGGAC
fmui,GGNCC
fna13121i,TTGAYC
fnu11326ii,GAGNNNNRTAY
fnu11326iv,CTTAATT
fnudii,CGCG
fnu4hi,GCNGC
foki,GGATGNNNNNNNNNNNNN
frioi,GRGCYC
fsei,GGCCGGCC
fspi,TGCGCA
fspai,RTGCGCAY
fspbi,CTAG
fspei,CCNNNNNNNNNNNNNNNN
fsp4hi,GCNGC
fsppk15i,GARGAAG
ftnuv,GAAACA
gaut27i,CGCGCAGG
gba708ii,ATGCAC
gdiii,CGGCCR
glai,GCGC
gru56503ii,CARABGC
gsai,CCCAGC
gsui,CTGGAGNNNNNNNNNNNNNNNN
haei,WGGCCW
haeii,RGCGCY
haeiii,GGCC
haeiv,GAYNNNNNRTCNNNNNNNNNNNNNN
haeiv,GAYNNNNNRTCNNNNNNNNNNNNN
hauii,TGGCCANNNNNNNNNNN
hbaii,GCCCAG
hca13221v,CACNNNNNRTAY
hdeny26i,CGANNNNNNTCC
hdeza17i,GCANNNNNNTCC
hgai,GACGCNNNNNNNNNN
hgiai,GWGCWC
hgici,GGYRCC
hgieii,ACCNNNNNNGGT
hgijii,GRGCYC
hhai,GCGC
hin1i,GRCGYC
hin1ii,CATG
hin4i,GAYNNNNNVTCNNNNNNNNNNNNN
hin4i,GABNNNNNRTCNNNNNNNNNNNNN
hin4ii,CCTTCNNNNNN
hin6i,GCGC
hinp1i,GCGC
hincii,GTYRAC
hindii,GTYRAC
hindiii,AAGCTT
hinfi,GANTC
hpai,GTTAAC
hpaii,CCGG
hphi,GGTGANNNNNNNN
hpy8i,GTNNAC
hpy99i,CGWCG
hpy99xiii,GCCTA
hpy99xiv,GGWTAA
hpy99xiv-mut1,GGWCNA
hpy99xxii,CYANNNNNNTGA
hpy166ii,GTNNAC
hpy178iii,TCNNGA
hpy188i,TCNGA
hpy188iii,TCNNGA
hpy300xi,CCTYNA
hpy12823xiii,GAAAAG
hpyav,CCTTCNNNNNN
hpyaxiv,GCGTA
hpyaxvi-mut1,CRTTAA
hpyaxvi-mut2,CRTCNA
hpyaxviii,GGANNAG
hpyas001vi,CYANNNNNNTTC
hpych4iii,ACNGT
hpych4iv,ACGT
hpych4v,TGCA
hpyfxvi,GCRGA
hpyf3i,CTNAG
hpyf10vi,GCNNNNNNNGC
hpyg272xv,GAAAAG
hpyh1xii,GCRCA
hpylim6xii,CYANNNNNNTCC
hpylim8xii,GCRGA
hpylim9xvi,GAAAAG
hpypu007xix,CYANNNNNNTGY
hpypu009xv,GCRGA
hpyse526i,ACGT
hpysh002xiii,GAAAAG
hpysh010xiii,GAAAAG
hpyum032xiii,CYANNNNNNNTRG
hpyum032xiii-mut1,CYANNNNNNNTTC
hpyum032xiv,GAAAG
hpyum037x,GTGGNAG
hpyum037x,TNGGNAG
hsoii,CAYNNNNNRTGNNNNNNNNNNNNNN
hso63250iv,AACNNNNNGTT
hso63373iii,CGANNNNNRTAY
hspai,GCGC
hspmhr1ii,GAGCAGC
jma19592i,GTATNAC
jma19592ii,GRGCRAC
jsp2502ii,GRNGAAT
kasi,GGCGCC
kas9737iii,CCCRAG
kpni,GGTACC
kpn2i,TCCGGA
kpn156v,CRTGATT
kpn327i,GACATC
kpn9178i,GNGCGAG
kpn9644ii,GRACRAC
kpnnh25iii,CTRGAG
kpnnih30iii,GTTCNAC
kroi,GCCGGC
kro7512ii,ARCAGKC
kroni,GCCGGC
kspi,CCGCGG
ksp22i,TGATCA
ksp632i,CTCTTCNNNN
kspai,GTTAAC
kzo9i,GATC
lba2029iii,CYAAANG
lbr124ii,CATCNAC
lcr047i,CTCCA
lcr147viii,GGYAAG
lcr310i,CAAAGC
lcrjm1v,AGCYAC
lcrjm3i,GRTAAAT
lcrjm3ii,GMAGG
lde4408ii,ACAAAG
lgui,GCTCTTCNNNN
llag50i,CCGTKA
lme32i,CTYCAA
lmni,GCTCCN
lmo370i,AGCGCCG
lmo911ii,TAGRAG
lpl1004ii,AGGRAG
lpni,RGCGCY
lpn11417ii,ACGAAT
lpn12272i,GCNCAAC
lpnpi,CCGNNNNNNNNNNNNNNN
lpnpi,CGG
lra68i,GTTCNAG
lsads4i,TGGAAT
lsp48iii,AGCACC
lsp1109i,GCAGCNNNNNNNNNNNN
lsp6406vi,CRAGCAC
lwei,GCATCNNNNNNNNN
mabi,ACCWGGT
maei,CTAG
maeii,ACGT
maeiii,GTNAC
mali,GATC
mami,GATNNNNATC
maqi,CRTTGACNNNNNNNNNNNNNNNNNNNNN
maubi,CGCGCGCG
mba11i,AGGCGA
mbii,CCGCTC
mboi,GATC
mboii,GAAGANNNNNNNN
mcati,GCGCGC
mch946ii,WCGATCT
mch10819i,CYCAGCG
mcri,CGRYCG
mfei,CAATTG
mhli,GDGCHC
mjaiv,GTNNAC
mkadii,GAGAYGT
mla10359i,CGANNNNNNTCA
mlsi,TGGCCA
mlui,ACGCGT
mlu211iii,AGCCCA
mluci,AATT
mlyi,GAGTCNNNNN
mly113i,GGCGCC
mmei,TCCRACNNNNNNNNNNNNNNNNNNNN
mnli,CCTCNNNNNNN
mox20i,TGGCCA
mph1103i,ATGCAT
mrei,CGCCGGCG
mroi,TCCGGA
mroni,GCCGGC
mroxi,GAANNNNTTC
msci,TGGCCA
msei,TTAA
msli,CAYNNNNRTG
mspi,CCGG
msp20i,TGGCCA
mspa1i,CMGCKG
mspbkii,CGCTNAT
mspbkiii,CGGCNAC
mspbkiv,GGGCNAG
mspci,CTTAAG
mspcdii,GCAAAAG
mspcdiii,CTCCNAG
mspcdiv,GCTCNAT
mspf392i,CCCAATV
mspgi,GCCGGC
mspi7ii,ACGRAG
mspi7iv,GCMGAAG
mspji,CNNRNNNNNNNNNNNNN
mspnhiii,CGCANAG
mspnhiv,GGCTNAG
mspnhv,GCTCNAG
mspr9i,CCNGG
mspsc27ii,CCGCGAC
mspstii,CGCTNAT
mspstiv,CTCGNAT
mssi,GTTTAAAC
msti,TGCGCA
mtei,GCGCNGCGC
mtuhn878ii,CACGCAG
muni,CAATTG
mvai,CCWGG
mva1269i,GAATGCN
mwoi,GCNNNNNNNGC
naei,GCCGGC
nal45188ii,ACCAGC
nan12227i,CCANNNNNNTCY
nari,GGCGCC
nbr128ii,ACCGAC
ncii,CCSGG
ncoi,CCATGG
ndei,CATATG
ndeii,GATC
ngoavii,GCCGCNNNNNNN
ngoaviii,GACNNNNNTGANNNNNNNNNNNNN
ngoaviii,TCANNNNNGTCNNNNNNNNNNNNNN
ngomiv,GCCGGC
nhaxi,CAAGRAG
nhei,GCTAGC
nhoi,GCWGC
nlaiii,CATG
nlaiv,GGNNCC
nlaci,CATCACNNNNNNNNNNNNNNNNNNN
nli3877i,CYCGRG
nmeaiii,GCCGAGNNNNNNNNNNNNNNNNNNNNN
nmea6ciii,GCCGACNNNNNNNNNNNNNNNNNNNNN
nmedi,RCCGGYNNNNNNNNNNNN
nmuci,GTSAC
noti,GCGGCCGC
npeus61ii,GATCGAC
nrui,TCGCGA
nsbi,TGCGCA
nsii,ATGCAT
nspi,RCATGY
nspv,TTCGAA
nspbii,CMGCKG
nspes21ii,CRTTCAG
obabs10i,ACGAG
ogri,CAACNAC
olii,CACNNNNGTG
osphl35iii,YAGGAG
pabi,GTAC
paci,TTAATTAA
paciii,GTAATC
pac19842ii,CCTTGA
paei,GCATGC
pae8506i,CATCGAR
pae10662iii,TGACGAG
paepa99iii,AAGAYC
paer7i,CTCGAG
pagi,TCATGA
pal408i,CCRTGAG
palai,GGCGCGCC
paqci,CACCTGCNNNNNNNN
pasi,CCCWGGG
paui,GCGCGC
pba2294i,GTAAG
pbu13063ii,GTATYC
pcaii,GACGAG
pcei,AGGCCT
pcii,ACATGT
pcisi,GCTCTTCNNNN
pcsi,WCGNNNNNNNCGW
pcti,GAATGCN
pdii,GCCGGC
pdi8503iii,CCGGNAG
pdmi,GAANNNNTTC
pdu1735i,CACCAC
peci,TTATAA
peni,GCAGT
pfei,GAWTC
pfl23ii,CGTACG
pfl1108i,TCGTAG
pfl3756ii,CCCTNAG
pfl8569i,GCNNGC
pfl10783ii,GCGTCAG
pflfi,GACNNNGTC
pflmi,CCANNNNNTGG
pflpt14i,RGCCCAC
pfoi,TCCNGGA
pfrjs12iv,TANAAG
pfrjs12v,GGCGGAG
pfrjs15iii,CTTCNAC
pgap73iii,TTCGAG
pinai,ACCGGT
pin17fiii,GGYGAB
pinp23ii,CTRKCAG
pinp59iii,GAAGNAG
pkri,GCNGC
pladi,CATCAGNNNNNNNNNNNNNNNNNNNNN
plei,GAGTCNNNNN
ple19i,CGATCG
plimi,CGCCGAC
pluti,GGCGCC
pmaci,CACGTG
pmei,GTTTAAAC
pme10899i,GACAGG
pmli,CACGTG
ppii,GAACNNNNNCTCNNNNNNNNNNNNN
ppii,GAGNNNNNGTTCNNNNNNNNNNNN
ppip13ii,CGCRGAC
ppsi,GAGTCNNNNN
ppu10i,ATGCAT
ppu21i,YACGTR
ppumi,RGGWCCY
pru8113i,CAGANGC
psci,ACATGT
pse31i,GGTCTCNNNNN
pse18267i,RCCGAAG
pshai,GACNNNNGTC
psii,TTATAA
psp03i,GGWCC
psp5ii,RGGWCCY
psp6i,CCWGG
psp0357ii,GCGAAG
psp1314i,GCTGCTG
psp1406i,AACGTT
pspat13iii,CCGANAG
psp124bi,GAGCTC
pspci,CACGTG
pspd7dii,CCGCGAG
pspei,GGTNACC
pspgi,CCWGG
pspli,CGTACG
pspmr102ii,CAAGAAC
pspn4i,GGNNCC
pspomi,GGGCCC
pspomii,CGCCCARNNNNNNNNNNNNNNNNNNNN
psppi,GGNCC
pspppi,RGGWCCY
psppri,CCYCAGNNNNNNNNNNNNNNN
pspr84i,TACYCAC
pspxi,VCTCGAGB
psri,GAACNNNNNNTACNNNNNNNNNNNN
psri,GTANNNNNNGTTCNNNNNNNNNNNN
pssi,RGGNCCY
psti,CTGCAG
pst145i,CTAMRAG
pst273i,GATCGAG
pst14472i,CNYACAC
pstni,CAGNNNCTG
psui,RGATCY
psugi,BBCGD
psyi,GACNNNGTC
pvui,CGATCG
pvuii,CAGCTG
ran11014iv,GAAAGAG
rba2021i,CACGAGH
rcei,CATCGACNNNNNNNNNNNNNNNNNNNN
rdegbi,CCGCAG
rdegbii,ACCCAGNNNNNNNNNNNNNNNNNNNN
rdegbiii,TGRYCANNNNNNNNNNN
rer8036ii,CCGAKGG
rflfiii,CGCCAG
rgai,GCGATCGC
rgo13296iv,GRAAGCG
rho5650i,AACGAG
rigi,GGCCGGCC
rkr11038i,GGANNNNNRTGA
rlai,VCW
rlaii,ACACAGNNNNNNNNNNNNNNNNNNNN
rleai,CCCACANNNNNNNNNNNN
rmu369iii,GGCYAC
rpai,GTYGGAGNNNNNNNNNNN
rpabi,CCCGCAGNNNNNNNNNNNNNNNNNNNN
rpab5i,CGRGGACNNNNNNNNNNNNNNNNNNNN
rpati,GRTGGAG
rsai,GTAC
rsani,GTAC
rsei,CAYNNNNRTG
rsp008iv,ACGCAG
rsp008v,GCCCAT
rsp531ii,CACACG
rsppbts2iii,CTTCGAG
rsrii,CGGWCCG
rsr2i,CGGWCCG
rtr1953i,TGANNNNNNTGA
saci,GAGCTC
sacii,CCGCGG
saf8902iii,CAATNAG
sag901i,GCAAAT
sali,GTCGAC
sandi,GGGWCCC
sapi,GCTCTTCNNNN
sati,GCNGC
saui,CCTNAGG
sau96i,GGNCC
sau1803iii,CGANNNNNNTAC
sau5656ii,GTTGCA
sau64037iv,GTANNNNNNTGG
sau3ai,GATC
saumj015iii,GARCNAG
sba460ii,GGNGAYG
sbfi,CCTGCAGG
sbo46i,TGAAC
scai,AGTACT
schi,GAGTCNNNNN
scii,CTCGAG
scods2ii,GCTAAT
scrfi,CCNGG
sdai,CCTGCAGG
sdeai,CAGRAGNNNNNNNNNNNNNNNNNNNNN
sdeosi,GACNNNNRTGANNNNNNNNNNNN
sdeosi,TCAYNNNNGTCNNNNNNNNNNNNN
sdui,GDGCHC
sdy5370i,CACNNNNNTCY
sdy7136i,GAGNNNNNTAA
sdy9603i,GCANNNNNNNTGA
seci,CCNNGG
seli,CGCG
sen5794iii,ACGAACB
sen6480iv,GTTCAT
sen17963iii,CCAAAC
sena1673iii,GNGGCAG
sensara26iii,ACRCAG
sentfiv,GATCAG
sep11964i,CGYCAT
seq11824i,CTANNNNNCTC
seti,ASST
sexai,ACCWGGT
sfaai,GCGATCGC
sfani,GCATCNNNNNNNNN
sfci,CTRYAG
sfei,CTRYAG
sfii,GGCCNNNNNGGCC
sfl13829iii,GNYCAG
sfoi,GGCGCC
sfr274i,CTCGAG
sfr303i,CCGCGG
sfui,TTCGAA
sgei,CNNGNNNNNNNNNNNNN
sgfi,GCGATCGC
sgr7807i,GCCGAGG
sgrai,CRCCGGYG
sgraii,CGAGATC
sgrbi,CCGCGG
sgrdi,CGTCGACG
sgrti,CCDSNNNNNNNNNNNNNN
sgsi,GGCGCGCC
simi,GGGTC
slai,CTCGAG
smai,CCCGGG
sma325i,ARCCCT
sma10259ii,CAAAGA
smaumh5i,CTTGAC
smaumh8i,GCGAACB
smii,ATTTAAAT
smimi,CAYNNNNRTG
smli,CTYRAG
smoi,CTYRAG
snai,GTATAC
sna507viii,CRTTGAG
snabi,TACGTA
sno506i,GGCCGAG
spei,ACTAGT
spe19205iv,GGACY
sphi,GCATGC
spli,CGTACG
spnrii,TCGAG
spodi,GCGGRAG
srfi,GCCCGGGC
sse9i,AATT
sse232i,CGCCGGCG
sse8387i,CCTGCAGG
sse8647i,AGGWCCT
ssebi,AGGCCT
ssii,CCGC
sspi,AATATT
ssp714ii,CGCAGCG
ssp6803iv,GAAGGC
sspdi,GGCGCC
sspd5i,GGTGANNNNNNNN
sspmi,CTAG
ssti,GAGCTC
sste37i,CGAAGACNNNNNNNNNNNNNNNNNNNN
sth132i,CCCGNNNNNNNN
sth302ii,CCGG
sth20745iii,GGACGAC
sthst3ii,GAAGT
stsi,GGATGNNNNNNNNNNNNNN
stui,AGGCCT
styi,CCWWGG
styd4i,CCNGG
surp32aii,ACRGAG
swai,ATTTAAAT
sxy1780i,GGGTNA
taai,ACNGT
tagi,ACGT
taii,ACGT
taqi,TCGA
taqii,GACCGANNNNNNNNNNN
taqiii,CACCCANNNNNNNNNNN
tasi,AATT
tati,WGTACW
taui,GCSGC
tfii,GAWTC
tkoi,GTGAAGNNNNNNNNNNNNNNNNNNNN
tkoii,TTCAAGNNNNNNNNNN
tpytp2i,ACCAAG
tru1i,TTAA
tru9i,TTAA
tscai,NNCASTGNN
tsei,GCWGC
tsefi,GTSAC
tsoi,TARCCANNNNNNNNNNN
tsp45i,GTSAC
tsparh3i,GRACGAC
tsp4ci,ACNGT
tspdti,ATGAANNNNNNNNNNN
tspei,AATT
tspgwi,ACGGANNNNNNNNNNN
tspmi,CCCGGG
tspri,NNCASTGNN
tssi,GAGNNNCTC
tsti,CACNNNNNNTCCNNNNNNNNNNNN
tsti,GGANNNNNNGTGNNNNNNNNNNNNN
tsui,GCGAC
tth111i,GACNNNGTC
tth111ii,CAARCANNNNNNNNNNN
ubaf9i,TACNNNNNRTGT
ubaf11i,TCGTA
ubaf12i,CTACNNNGTC
ubaf13i,GAGNNNNNNCTGG
ubaf14i,CCANNNNNTCG
ubapi,CGAACG
ucomsi,GAGCTCNNNNNNN
unbi,GGNCC
upap162i,CATG
van91i,CCANNNNNTGG
van9116i,CCKAAG
vdi96ii,GNCYTAG
vha464i,CTTAAG
vnei,GTGCAC
vpak11ai,GGWCC
vpaskiii,CGTCAG
vspi,ATTAAT
vtu19109i,CACRAYC
wvii,CACRAGNNNNNNNNNNNNNNNNNNNNN
xagi,CCTNNNNNAGG
xapi,RAATTY
xbai,TCTAGA
xca85iv,TACGAG
xcei,RCATGY
xcmi,CCANNNNNNNNNTGG
xhoi,CTCGAG
xhoii,RGATCY
xmai,CCCGGG
xmaiii,CGGCCG
xmaci,CCCGGG
xmaji,CCTAGG
xmii,GTMKAC
xmni,GAANNNNTTC
ykri,CNNNNNNNNNN
yps3606i,CGGAAG
yru12986i,AGGAAG
zrai,GACGTC
zrmi,AGTACT
zsp2i,ATGCAT
