AarI	CACCTGC
AatII	GACGT^C
AbaB8342IV	CATTAG
AbaUMB2I	YCCGSS
Abr4036II	GRTYGACC
AbsI	CC^TCGAGG
AccI	GT^MKAC
AccIX	GACRAC
AccX	GGARCA
Acc65V	GACGCA
AceIII	CAGCTC
AchA6III	AGCCAG
AciI	CCGC
AclI	AA^CGTT
Aco12261II	CCRGAG
AcoY31II	TAGCRAB
AcyI	GR^CGYC
AflII	C^TTAAG
AflIII	A^CRYGT
AgeI	A^CCGGT
AgsI	TTS^AA
AhaIII	TTT^AAA
AhyRBAHI	GCYYGAC
AhyYL17I	YAAMGAG
AjuI	GAANNNNNNNTTGG
AlfI	GCANNNNNNTGC
AloI	GAACNNNNNNTCC
AluI	AG^CT
AlwFI	GAAAYNNNNNRTG
AlwNI	CAGNNN^CTG
AmaCSI	GCTCCA
Aod1I	GATCNAC
AoxI	^GGCC
ApaI	GGGCC^C
ApaBI	GCANNNNN^TGC
ApaLI	G^TGCAC
ApoI	R^AATTY
ApyPI	ATCGAC
AquII	GCCGNAC
AquIV	GRGGAAG
ArsI	GACNNNNNNTTYG
AscI	GG^CGCGCC
Asl11923II	GGGABCC
Asp103I	CGRAGGC
Asp337I	CARABGG
AspBHI	YSCNS
AspDUT2V	GNGCAAC
AspJHL3II	CGCCCAG
AspNIH4III	AAGAACB
AspSLV7III	GTCTCA
Asp114pII	AGCABCC
AsuI	G^GNCC
AsuII	TT^CGAA
Asu14238IV	CGTRAC
AteTI	GGGRAG
AvaI	C^YCGRG
AvaII	G^GWCC
AvaIII	ATGCAT
AvrII	C^CTAGG
Awo1030IV	GCCRAG
BaeI	ACNNNNGTAYC
Bag18758I	CCCGAG
BalI	TGG^CCA
BamHI	G^GATCC
BanLI	RTCAGG
BarI	GAAGNNNNNNTAC
Bau1417V	GTTCAG
Bbr52II	GGCGAG
Bbr57III	GTRAAYG
Bbr7017II	CGGGAG
Bbr7017III	GGRCAG
BbuB31I	GNAAYG
BbuB31II	CGRKA
BbvI	GCAGC
BbvII	GAAGAC
BbvCI	CCTCAGC
BccI	CCATC
Bce83I	CTTGAG
Bce3081I	TAGGAG
BcefI	ACGGC
BcgI	CGANNNNNNTGC
BciVI	GTATCC
BclI	T^GATCA
BdaI	TGANNNNNNTCA
BetI	W^CCGGW
BfaSII	GANGGAG
BfiI	ACTGGG
BglI	GCCNNNN^NGGC
BglII	A^GATCT
BinI	GGATC
BisI	GC^NGC
BkrAM31DI	RTTAAATM
Ble402II	GRAGCAG
BloAII	GAGGAC
BmgI	GKGCCC
BplI	GAGNNNNNCTC
Bpu10I	CCTNAGC
BsaAI	YAC^GTR
BsaBI	GATNN^NNATC
BsaXI	ACNNNNNCTCC
BsbI	CAACAC
BscGI	CCCGT
BscXI	GCAGGC
BseMII	CTCAG
BsePI	G^CGCGC
BseRI	GAGGAG
BseSI	GKGCM^C
BseYI	CCCAGC
BsgI	GTGCAG
BsiI	CACGAG
BsiYI	CCNNNNN^NNGG
BsmI	GAATGC
BsmAI	GTCTC
Bsp24I	GACNNNNNNTGG
Bsp460III	CGCGCAG
Bsp1407I	T^GTACA
Bsp3004IV	CCGCAT
BspGI	CTGGAC
BspHI	T^CATGA
BspLU11I	A^CATGT
BspMI	ACCTGC
BspMII	T^CCGGA
BspNCI	CCAGA
BsrI	ACTGG
BsrBI	CCGCTC
BsrDI	GCAATG
BstEII	G^GTNACC
BstXI	CCANNNNN^NTGG
BtgZI	GCGATG
BtrI	CACGTC
BtsI	GCAGTG
BtsIMutI	CAGTG
Bve1B23I	GACNNNNNTGG
Cac8I	GCN^NGC
Cal14237I	GGTTAG
CalB3II	GRTTRAG
CauII	CC^SGG
Cba13II	AGGAAT
Cba16038I	CCTNAYNC
Cbo67071IV	GCRGAAG
CcaP7V	CRAAAAR
CchII	GGARGA
CchIII	CCCAAG
Cch467III	GNGAAAY
Cco14983V	GGGTDA
Cco14983VI	GCYGA
CcrNAIII	CGACCAG
CdiI	CATCG
Cdi11397I	GCGCAG
CdpI	GCGGAG
Cdu23823II	GTGAAG
CfrI	Y^GGCCR
Cfr10I	R^CCGGY
CfrMH13II	AGCANCC
CfrMH16VI	CTAAAG
Cfupf3II	GARCAG
Cgl13032I	GGCGCA
Cgl13032II	ACGABGG
CjeI	CCANNNNNNGT
Cje265V	GKAAGC
Cje54107III	GKAAYC
CjeFIII	GCAAGG
CjeFV	GGRCA
CjeNII	GAGNNNNNGT
CjeNIII	GKAAYG
CjeNV	CCYGA
CjePI	CCANNNNNNNTC
CjeP659IV	CACNNNNNNNGAA
CjuI	CAYNNNNNRTG
CjuII	CAYNNNNNCTC
ClaI	AT^CGAT
Cla11845III	GCGAA
Cly7489II	AAAAGRG
Cpe2837III	GRNACAYT
Cpe13170II	GTTGNAG
Cre7908I	GCGGGA
Csp2014I	GGAGGC
CspCI	CAANNNNNGTGG
CstMI	AAGGAG
CviJI	RG^CY
CviRI	TG^CA
DdeI	C^TNAG
Dde51507I	CCWGG
Dpi3069I	GACAG
Dpi3084I	CGRAG
Dpi3090II	AAGRAG
Dpi3256II	TGKMCA
DpnI	GA^TC
DraII	RG^GNCCY
DraIII	CACNNN^GTG
DraRI	CAAGNAC
DrdI	GACNNNN^NNGTC
DrdII	GAACCA
DrdIV	TACGAC
DrdV	CATGNAC
DrdVI	GCAGCC
DrdVIII	ARGAGC
DsaI	C^CRYGG
DvuIII	CACNCAC
Eam1105I	GACNNN^NNGTC
EciI	GGCGGA
Ecl234I	CGGNAAG
Ecl35734I	GAAAYTC
Eco31I	GGTCTC
Eco47III	AGC^GCT
Eco57I	CTGAAG
Eco4465II	GAAABCC
Eco9699II	TAGARC
Eco43896II	CRARCAG
EcoBLMcrX	RCSRC
EcoE1140I	ACCYAC
Eco57MI	CTGRAG
EcoMVII	CANCATC
EcoNI	CCTNN^NNNAGG
EcoRI	G^AATTC
EcoRII	^CCWGG
EcoRV	GAT^ATC
Eli8509II	CCGGAG
ErhG4T10I	CGANNNNNNTC
EsaSSI	GACCAC
EspI	GC^TNAGC
Esp3I	CGTCTC
Esp3007I	CAGAAG
FaiI	YA^TR
FalI	AAGNNNNNCTT
FauI	CCCGC
Fba202Z8II	AGAAGG
Fco1691IV	GCVGAG
FinI	GGGAC
FnuDII	CG^CG
Fnu4HI	GC^NGC
FokI	GGATG
FseI	GGCCGG^CC
FspAI	RTGC^GCAY
FspEI	CC
FspPK15I	GARGAAG
FtnUV	GAAACA
GauT27I	CGCGCAGG
Gba708II	ATGCAC
GdiII	CGGCCR
GlaI	GC^GC
GsuI	CTGGAG
HaeI	WGG^CCW
HaeII	RGCGC^Y
HaeIII	GG^CC
HaeIV	GAYNNNNNRTC
HbaII	GCCCAG
HdeNY26I	CGANNNNNNTCC
HdeZA17I	GCANNNNNNTCC
HgaI	GACGC
HgiAI	GWGCW^C
HgiCI	G^GYRCC
HgiEII	ACCNNNNNNGGT
HgiJII	GRGCY^C
HhaI	GCG^C
Hin4I	GAYNNNNNVTC
Hin4II	CCTTC
HindII	GTY^RAC
HindIII	A^AGCTT
HinfI	G^ANTC
HpaI	GTT^AAC
HpaII	C^CGG
HphI	GGTGA
Hpy99I	CGWCG^
Hpy99XIII	GCCTA
Hpy99XIV	GGWTAA
Hpy99XIV-mut1	GGWCNA
Hpy99XXII	CYANNNNNNTGA
Hpy178III	TC^NNGA
Hpy188I	TCN^GA
Hpy300XI	CCTYNA
Hpy12823XIII	GAAAAG
HpyAXIV	GCGTA
HpyAXVI-mut1	CRTTAA
HpyAXVI-mut2	CRTCNA
HpyAXVIII	GGANNAG
HpyFXVI	GCRGA
HpyG272XV	GAAAAG
HpyH1XII	GCRCA
HpyUM032XIII	CYANNNNNNNTRG
HpyUM032XIII-mut1	CYANNNNNNNTTC
HpyUM032XIV	GAAAG
Hso63250IV	AACNNNNNGTT
Hso63373III	CGANNNNNRTAY
HspMHR1II	GAGCAGC
Jma19592I	GTATNAC
Jma19592II	GRGCRAC
Jsp2502II	GRNGAAT
KpnI	GGTAC^C
Kpn156V	CRTGATT
Kpn327I	GACATC
Kpn9178I	GNGCGAG
Kpn9644II	GRACRAC
KpnNH25III	CTRGAG
KpnNIH30III	GTTCNAC
KroI	G^CCGGC
Kro7512II	ARCAGKC
Ksp632I	CTCTTC
Lba2029III	CYAAANG
Lbr124II	CATCNAC
LcrJM3I	GRTAAAT
LcrJM3II	GMAGG
Lde4408II	ACAAAG
LlaG50I	CCGTKA
LmnI	GCTCC
Lmo370I	AGCGCCG
Lmo911II	TAGRAG
Lpl1004II	AGGRAG
Lpn12272I	GCNCAAC
Lra68I	GTTCNAG
LsaDS4I	TGGAAT
Lsp48III	AGCACC
Lsp6406VI	CRAGCAC
MaeI	C^TAG
MaeII	A^CGT
MaeIII	^GTNAC
MaqI	CRTTGAC
MauBI	CG^CGCGCG
Mba11I	AGGCGA
MboI	^GATC
MboII	GAAGA
Mch946II	WCGATCT
McrI	CGRY^CG
MfeI	C^AATTG
MjaIV	GTNNAC
MkaDII	GAGAYGT
MluI	A^CGCGT
Mlu211III	AGCCCA
MmeI	TCCRAC
MnlI	CCTC
MseI	T^TAA
MslI	CAYNN^NNRTG
MspI7II	ACGRAG
MspI7IV	GCMGAAG
MspJI	CNNR
MspSC27II	CCGCGAC
MstI	TGC^GCA
MteI	GCGC^NGCGC
MtuHN878II	CACGCAG
MwoI	GCNNNNN^NNGC
NaeI	GCC^GGC
Nal45188II	ACCAGC
Nan12227I	CCANNNNNNTCY
NarI	GG^CGCC
Nbr128II	ACCGAC
NcoI	C^CATGG
NdeI	CA^TATG
NgoAVII	GCCGC
NgoAVIII	GACNNNNNTGA
NhaXI	CAAGRAG
NheI	G^CTAGC
NhoI	GCWGC
NlaIII	CATG^
NlaIV	GGN^NCC
NlaCI	CATCAC
NmeAIII	GCCGAG
NmeA6CIII	GCCGAC
NotI	GC^GGCCGC
NpeUS61II	GATCGAC
NruI	TCG^CGA
NspI	RCATG^Y
NspBII	CMG^CKG
ObaBS10I	ACGAG
OgrI	CAACNAC
OliI	CACNN^NNGTG
OspHL35III	YAGGAG
PacI	TTAAT^TAA
PacIII	GTAATC
Pac19842II	CCTTGA
Pal408I	CCRTGAG
PasI	CC^CWGGG
Pba2294I	GTAAG
PcaII	GACGAG
PcsI	WCGNNNN^NNNCGW
Pdi8503III	CCGGNAG
Pdu1735I	CACCAC
PenI	GCAGT
Pfl1108I	TCGTAG
Pfl8569I	GCN^NGC
Pfl10783II	GCGTCAG
PflMI	CCANNNN^NTGG
PflPt14I	RGCCCAC
PfoI	T^CCNGGA
PfrJS12IV	TANAAG
PfrJS12V	GGCGGAG
PfrJS15III	CTTCNAC
PgaP73III	TTCGAG
Pin2734V	GAAGAA
Pin17FIII	GGYGAB
PinP23II	CTRKCAG
PinP59III	GAAGNAG
PleI	GAGTC
PliMI	CGCCGAC
PmaCI	CAC^GTG
PmeI	GTTT^AAAC
PpiI	GAACNNNNNCTC
PpiP13II	CGCRGAC
PpuMI	RG^GWCCY
Pru8113I	CAGANGC
Pse18267I	RCCGAAG
PshAI	GACNN^NNGTC
PsiI	TTA^TAA
Psp0357II	GCGAAG
PspOMII	CGCCCAR
PspPRI	CCYCAG
PspXI	VC^TCGAGB
PsrI	GAACNNNNNNTAC
PstI	CTGCA^G
Pst145I	CTAMRAG
Pst273I	GATCGAG
Pst14472I	CNYACAC
PsuGI	BBCGD
PvuI	CGAT^CG
PvuII	CAG^CTG
Ran11014IV	GAAAGAG
Rba2021I	CACGAGH
RceI	CATCGAC
RdeGBI	CCGCAG
RdeGBII	ACCCAG
RdeGBIII	TGRYCA
RflFIII	CGCCAG
RlaI	VCW
RlaII	ACACAG
RleAI	CCCACA
Rmu369III	GGCYAC
RpaI	GTYGGAG
RpaBI	CCCGCAG
RpaB5I	CGRGGAC
RpaTI	GRTGGAG
RsaI	GT^AC
Rsp008IV	ACGCAG
Rsp008V	GCCCAT
Rsp531II	CACACG
RspPBTS2III	CTTCGAG
RsrII	CG^GWCCG
Rtr1953I	TGANNNNNNTGA
SacI	GAGCT^C
SacII	CCGC^GG
Saf8902III	CAATNAG
Sag901I	GCAAAT
SalI	G^TCGAC
SanDI	GG^GWCCC
SapI	GCTCTTC
SauI	CC^TNAGG
Sau1803III	CGANNNNNNTAC
Sau64037IV	GTANNNNNNTGG
Sba460II	GGNGAYG
Sbo46I	TGAAC
ScaI	AGT^ACT
ScoDS2II	GCTAAT
ScrFI	CC^NGG
SdeAI	CAGRAG
SdeOSI	GACNNNNRTGA
SduI	GDGCH^C
Sdy5370I	CACNNNNNTCY
Sdy7136I	GAGNNNNNTAA
SecI	C^CNNGG
Sen4840II	ACGAACB
Sen6480IV	GTTCAT
Sen17963III	CCAAAC
SenA1673III	GNGGCAG
SenSARA26III	ACRCAG
SenTFIV	GATCAG
Seq11824I	CTANNNNNCTC
SetI	ASST^
SexAI	A^CCWGGT
SfaNI	GCATC
SfeI	C^TRYAG
SfiI	GGCCNNNN^NGGCC
SgeI	CNNGNNNNNNNNN^
SgfI	GCGAT^CGC
SgrAI	CR^CCGGYG
SgrDI	CG^TCGACG
SgrTI	CCDS
SimI	GGGTC
SmaI	CCC^GGG
Sma325I	ARCCCT
Sma10259II	CAAAGA
SmaUMH5I	CTTGAC
SmaUMH8I	GCGAACB
SmlI	C^TYRAG
SnaI	GTATAC
Sna507VIII	CRTTGAG
SnaBI	TAC^GTA
Sno506I	GGCCGAG
SpeI	A^CTAGT
Spe19205IV	GGACY
SphI	GCATG^C
SplI	C^GTACG
SpnRII	TCGAG
SpoDI	GCGGRAG
SrfI	GCCC^GGGC
Sse232I	CG^CCGGCG
Sse8387I	CCTGCA^GG
Sse8647I	AG^GWCCT
SspI	AAT^ATT
Ssp714II	CGCAGCG
Ssp6803IV	GAAGGC
SstE37I	CGAAGAC
Sth132I	CCCG
Sth20745III	GGACGAC
SthSt3II	GAAGT
StuI	AGG^CCT
StyI	C^CWWGG
SurP32aII	ACRGAG
SwaI	ATTT^AAAT
TagI	AC^GT
TaqI	T^CGA
TaqII	GACCGA
TaqIII	CACCCA
TatI	W^GTACW
TauI	GCSG^C
TfiI	G^AWTC
TkoII	TTCAAG
TpyTP2I	ACCAAG
TseI	G^CWGC
TsoI	TARCCA
Tsp45I	^GTSAC
TspARh3I	GRACGAC
Tsp4CI	ACN^GT
TspDTI	ATGAA
TspEI	^AATT
TspGWI	ACGGA
TspRI	CASTGNN^
TssI	GAGNNNCTC
TstI	CACNNNNNNTCC
TsuI	GCGAC
Tth111I	GACN^NNGTC
Tth111II	CAARCA
UbaF9I	TACNNNNNRTGT
UbaF11I	TCGTA
UbaF12I	CTACNNNGTC
UbaF13I	GAGNNNNNNCTGG
UbaF14I	CCANNNNNTCG
UbaPI	CGAACG
Van9116I	CCKAAG
Vdi96II	GNCYTAG
VspI	AT^TAAT
Vtu19109I	CACRAYC
WviI	CACRAG
XbaI	T^CTAGA
Xca85IV	TACGAG
XcmI	CCANNNNN^NNNNTGG
XhoI	C^TCGAG
XhoII	R^GATCY
XmaIII	C^GGCCG
XmnI	GAANN^NNTTC
Yps3606I	CGGAAG
