aatii,GACGTC
absi,CCTCGAGG
acci,GTMKAC
acc65i,GGTACC
aceiii,CAGCTC
acii,CCGC
acli,AACGTT
acui,CTGAAG
afei,AGCGCT
aflii,CTTAAG
afliii,ACRYGT
agei,ACCGGT
agsi,TTSAA
ahdi,GACNNNNNGTC
ajui,GAANNNNNNNTTGG
alei,CACNNNNGTG
alfi,GCANNNNNNTGC
aloi,GAACNNNNNNTCC
alui,AGCT
alwi,GGATC
alwni,CAGNNNCTG
amacsi,GCTCCA
aoxi,GGCC
apai,GGGCCC
apabi,GCANNNNNTGC
apali,GTGCAC
apoi,RAATTY
apypi,ATCGAC
aquii,GCCGNAC
aquiii,GAGGAG
aquiv,GRGGAAG
arsi,GACNNNNNNTTYG
asci,GGCGCGCC
asei,ATTAAT
asi256i,GATC
asisi,GCGATCGC
aspbhi,YSCNS
avai,CYCGRG
avaii,GGWCC
avrii,CCTAGG
baei,ACNNNNGTAYC
baegi,GKGCMC
bamhi,GGATCC
bani,GGYRCC
banii,GRGCYC
bari,GAAGNNNNNNTAC
bbsi,GAAGAC
bbvi,GCAGC
bbvci,CCTCAGC
bcci,CCATC
bceai,ACGGC
bcesiv,GCAGC
bcefi,ACGGC
bcgi,CGANNNNNNTGC
bcivi,GTATCC
bcli,TGATCA
bdai,TGANNNNNNTCA
bfai,CTAG
bgli,GCCNNNNNGGC
bglii,AGATCT
bisi,GCNGC
blpi,GCTNAGC
bmedi,C
bmgbi,CACGTC
bmri,ACTGGG
bmti,GCTAGC
bpli,GAGNNNNNCTC
bpmi,CTGGAG
bpu10i,CCTNAGC
bpuei,CTTGAG
bsai,GGTCTC
bsaai,YACGTR
bsabi,GATNNNNATC
bsahi,GRCGYC
bsaji,CCNNGG
bsawi,WCCGGW
bsaxi,ACNNNNNCTCC
bsbi,CAACAC
bscai,GCATC
bscxi,GCAGGC
bsemii,CTCAG
bseri,GAGGAG
bseyi,CCCAGC
bsgi,GTGCAG
bsiei,CGRYCG
bsihkai,GWGCWC
bsiwi,CGTACG
bsli,CCNNNNNNNGG
bsmi,GAATGC
bsmai,GTCTC
bsmfi,GGGAC
bsp24i,GACNNNNNNTGG
bsp1286i,GDGCHC
bspcni,CTCAG
bspd6i,GAGTC
bspei,TCCGGA
bsphi,TCATGA
bspmi,ACCTGC
bsri,ACTGG
bsrbi,CCGCTC
bsrdi,GCAATG
bsrfi,RCCGGY
bsrgi,TGTACA
bsshii,GCGCGC
bsssi,CACGAG
bstapi,GCANNNNNTGC
bstbi,TTCGAA
bsteii,GGTNACC
bstkti,GATC
bstni,CCWGG
bstui,CGCG
bstxi,CCANNNNNNTGG
bstyi,RGATCY
bstz17i,GTATAC
bsu36i,CCTNAGG
btgi,CCRYGG
btgzi,GCGATG
bthci,GCNGC
btsi,GCAGTG
btsimuti,CAGTG
btsci,GGATG
cac8i,GCNNGC
cchii,GGARGA
cchiii,CCCAAG
cdii,CATCG
cdpi,GCGGAG
chai,GATC
cjei,CCANNNNNNGT
cjeniii,GKAAYG
cjepi,CCANNNNNNNTC
clai,ATCGAT
cspci,CAANNNNNGTGG
cstmi,AAGGAG
cviaii,CATG
cviki-1,RGCY
cviqi,GTAC
ddei,CTNAG
dpni,GATC
drai,TTTAAA
draiii,CACNNNGTG
drari,CAAGNAC
drdi,GACNNNNNNGTC
drdiv,TACGAC
drdv,CATGNAC
eaei,YGGCCR
eagi,CGGCCG
eari,CTCTTC
ecii,GGCGGA
ecoblmcrx,RCSRC
ecohi,CCSGG
eco57mi,CTGRAG
econi,CCTNNNNNAGG
ecoo109i,RGGNCCY
ecoo157si,C
ecori,GAATTC
ecorv,GATATC
eco53ki,GAGCTC
esabc3i,TCGA
esp3i,CGTCTC
faii,YATR
fali,AAGNNNNNCTT
fati,CATG
faui,CCCGC
fmui,GGNCC
fnu4hi,GCNGC
foki,GGATG
fsei,GGCCGGCC
fspi,TGCGCA
fspai,RTGCGCAY
fspei,CC
gdiii,CGGCCR
glai,GCGC
gsai,CCCAGC
haei,WGGCCW
haeii,RGCGCY
haeiii,GGCC
haeiv,GAYNNNNNRTC
hauii,TGGCCA
hgai,GACGC
hhai,GCGC
hin4i,GAYNNNNNVTC
hinp1i,GCGC
hincii,GTYRAC
hindiii,AAGCTT
hinfi,GANTC
hpai,GTTAAC
hpaii,CCGG
hphi,GGTGA
hpy99i,CGWCG
hpy166ii,GTNNAC
hpy188i,TCNGA
hpy188iii,TCNNGA
hpyav,CCTTC
hpych4iii,ACNGT
hpych4iv,ACGT
hpych4v,TGCA
hsoii,CAYNNNNNRTG
kasi,GGCGCC
kpni,GGTACC
kroi,GCCGGC
lmni,GCTCC
lpni,RGCGCY
lpnpi,CCG
maeiii,GTNAC
maqi,CRTTGAC
maubi,CGCGCGCG
mboi,GATC
mboii,GAAGA
mcati,GCGCGC
mfei,CAATTG
mlui,ACGCGT
mluci,AATT
mlyi,GAGTC
mmei,TCCRAC
mnli,CCTC
mrei,CGCCGGCG
msci,TGGCCA
msei,TTAA
msli,CAYNNNNRTG
mspa1i,CMGCKG
mspgi,GCCGGC
mspji,CNNR
mtei,GCGCNGCGC
mwoi,GCNNNNNNNGC
naei,GCCGGC
nari,GGCGCC
ncii,CCSGG
ncoi,CCATGG
ndei,CATATG
ngoavii,GCCGC
ngoaviii,GACNNNNNTGA
ngomiv,GCCGGC
nhei,GCTAGC
nlaiii,CATG
nlaiv,GGNNCC
nlaci,CATCAC
nli3877i,CYCGRG
nmeaiii,GCCGAG
nmea6ciii,GCCGAC
nmedi,RCCGGY
noti,GCGGCCGC
nrui,TCGCGA
nsii,ATGCAT
nspi,RCATGY
pabi,GTAC
paci,TTAATTAA
paqci,CACCTGC
pasi,CCCWGGG
pcii,ACATGT
pcsi,WCGNNNNNNNCGW
pfl8569i,GCNNGC
pflmi,CCANNNNNTGG
pfoi,TCCNGGA
pkri,GCNGC
pladi,CATCAG
plei,GAGTC
pluti,GGCGCC
pmei,GTTTAAAC
pmli,CACGTG
ppii,GAACNNNNNCTC
ppu10i,ATGCAT
ppumi,RGGWCCY
pshai,GACNNNNGTC
psii,TTATAA
psp03i,GGWCC
pspgi,CCWGG
pspomi,GGGCCC
pspomii,CGCCCAR
psppri,CCYCAG
pspxi,VCTCGAGB
psri,GAACNNNNNNTAC
pssi,RGGNCCY
psti,CTGCAG
pvui,CGATCG
pvuii,CAGCTG
rcei,CATCGAC
rdegbii,ACCCAG
rdegbiii,TGRYCA
rlaii,ACACAG
rleai,CCCACA
rpai,GTYGGAG
rpabi,CCCGCAG
rpab5i,CGRGGAC
rsai,GTAC
rsrii,CGGWCCG
saci,GAGCTC
sacii,CCGCGG
sali,GTCGAC
sandi,GGGWCCC
sapi,GCTCTTC
sau96i,GGNCC
sbfi,CCTGCAGG
scai,AGTACT
scii,CTCGAG
scrfi,CCNGG
sdeai,CAGRAG
sdeosi,GACNNNNRTGA
seli,CGCG
seti,ASST
sexai,ACCWGGT
sfani,GCATC
sfci,CTRYAG
sfii,GGCCNNNNNGGCC
sfoi,GGCGCC
sgei,CNNG
sgrai,CRCCGGYG
sgrdi,CGTCGACG
sgrti,CCDS
simi,GGGTC
smai,CCCGGG
smli,CTYRAG
snabi,TACGTA
spei,ACTAGT
sphi,GCATGC
srfi,GCCCGGGC
sse8647i,AGGWCCT
sspi,AATATT
sspd5i,GGTGA
sste37i,CGAAGAC
sth132i,CCCG
sth302ii,CCGG
stsi,GGATG
stui,AGGCCT
styi,CCWWGG
styd4i,CCNGG
swai,ATTTAAAT
tagi,ACGT
taii,ACGT
taqi,TCGA
taqii,GACCGA
taqiii,CACCCA
tati,WGTACW
taui,GCSGC
tfii,GAWTC
tkoi,GTGAAG
tkoii,TTCAAG
tsei,GCWGC
tsoi,TARCCA
tsp45i,GTSAC
tspdti,ATGAA
tspgwi,ACGGA
tspri,CASTG
tsti,CACNNNNNNTCC
tth111i,GACNNNGTC
tth111ii,CAARCA
ucomsi,GAGCTC
unbi,GGNCC
upap162i,CATG
vpak11ai,GGWCC
wvii,CACRAG
xbai,TCTAGA
xcmi,CCANNNNNNNNNTGG
xhoi,CTCGAG
xmai,CCCGGG
xmni,GAANNNNTTC
ykri,C
zrai,GACGTC
